param,paper_symbol,output,timepoint,baseline_value,out_x0.5,elasticity_x0.5,out_x2,elasticity_x2,elasticity
K_C,1/a_c,C,7,4890.0,4890.0,-0.0,4890.0,0.0,0.0
K_C,1/a_c,C,35,32256.0,24715.0,0.4675719246031746,37615.0,0.16613963293650794,0.3168557787698413
K_C,1/a_c,C,70,81315.0,42403.0,0.9570681916005657,150331.0,0.84874869335301,0.9029084424767878
K_C,1/a_c,C,100,87320.0,43745.0,0.9980531378836464,173850.0,0.9909528172240036,0.994502977553825
K_C,1/a_c,P,7,30.0,30.0,-0.0,30.0,0.0,0.0
K_C,1/a_c,P,35,295.0,483.0,-1.2745762711864406,442.0,0.49830508474576274,-0.3881355932203389
K_C,1/a_c,P,70,17844.0,20657.0,-0.31528805200627663,24532.0,0.3748038556377494,0.02975790181573637
K_C,1/a_c,P,100,43329.0,43291.0,0.001754021556001754,43595.0,0.006139075446006139,0.003946548501003947
K_C,1/a_c,E,7,4270.0,4270.0,-0.0,4270.0,0.0,0.0
K_C,1/a_c,E,35,708.0,809.0,-0.2853107344632768,662.0,-0.06497175141242938,-0.1751412429378531
K_C,1/a_c,E,70,9.0,22.0,-2.888888888888889,3.0,-0.6666666666666666,-1.7777777777777777
K_C,1/a_c,E,100,9.0,10.0,-0.2222222222222222,3.0,-0.6666666666666666,-0.4444444444444444
K_C,1/a_c,N,7,2350.0,2350.0,-0.0,2350.0,0.0,0.0
K_C,1/a_c,N,35,767.0,705.0,0.16166883963494133,726.0,-0.05345501955671447,0.05410691003911343
K_C,1/a_c,N,70,146.0,152.0,-0.0821917808219178,126.0,-0.136986301369863,-0.1095890410958904
K_C,1/a_c,N,100,56.0,53.0,0.10714285714285714,34.0,-0.39285714285714285,-0.14285714285714285
K_C,1/a_c,H,7,10340.0,10340.0,-0.0,10340.0,0.0,0.0
K_C,1/a_c,H,35,6706.0,6706.0,-0.0,6692.0,-0.0020876826722338203,-0.0010438413361169101
K_C,1/a_c,H,70,2121.0,1997.0,0.11692597831211693,1980.0,-0.06647807637906648,0.025223950966525223
K_C,1/a_c,H,100,466.0,453.0,0.055793991416309016,442.0,-0.05150214592274678,0.0021459227467811176
K_C,1/a_c,R,7,780.0,780.0,-0.0,780.0,0.0,0.0
K_C,1/a_c,R,35,2457.0,2460.0,-0.002442002442002442,2458.0,0.000407000407000407,-0.0010175010175010174
K_C,1/a_c,R,70,4481.0,4481.0,-0.0,4482.0,0.0002231644722160232,0.0001115822361080116
K_C,1/a_c,R,100,6176.0,6175.0,0.0003238341968911917,6176.0,0.0,0.00016191709844559586
K_P,1/a_p,C,7,4890.0,4890.0,-0.0,4890.0,0.0,0.0
K_P,1/a_p,C,35,32256.0,32314.0,-0.0035962301587301585,31985.0,-0.008401537698412698,-0.005998883928571428
K_P,1/a_p,C,70,81315.0,81548.0,-0.005730799975404292,81635.0,0.003935313287831274,-0.0008977433437865091
K_P,1/a_p,C,100,87320.0,87251.0,0.0015803939532753092,87362.0,0.0004809894640403115,0.0010306917086578104
K_P,1/a_p,P,7,30.0,30.0,-0.0,30.0,0.0,0.0
K_P,1/a_p,P,35,295.0,445.0,-1.0169491525423728,548.0,0.8576271186440678,-0.07966101694915251
K_P,1/a_p,P,70,17844.0,15687.0,0.2417619367854741,32064.0,0.796906523201076,0.519334229993275
K_P,1/a_p,P,100,43329.0,21846.0,0.9916222391469917,86310.0,0.991968427611992,0.9917953333794918
K_P,1/a_p,E,7,4270.0,4270.0,-0.0,4270.0,0.0,0.0
K_P,1/a_p,E,35,708.0,717.0,-0.025423728813559324,706.0,-0.002824858757062147,-0.014124293785310736
K_P,1/a_p,E,70,9.0,10.0,-0.2222222222222222,13.0,0.4444444444444444,0.1111111111111111
K_P,1/a_p,E,100,9.0,4.0,1.1111111111111112,9.0,0.0,0.5555555555555556
K_P,1/a_p,N,7,2350.0,2350.0,-0.0,2350.0,0.0,0.0
K_P,1/a_p,N,35,767.0,704.0,0.16427640156453716,732.0,-0.04563233376792699,0.05932203389830508
K_P,1/a_p,N,70,146.0,174.0,-0.3835616438356164,152.0,0.0410958904109589,-0.17123287671232876
K_P,1/a_p,N,100,56.0,56.0,-0.0,62.0,0.10714285714285714,0.05357142857142857
K_P,1/a_p,H,7,10340.0,10340.0,-0.0,10340.0,0.0,0.0
K_P,1/a_p,H,35,6706.0,6646.0,0.017894422904861318,6665.0,-0.006113927825827617,0.005890247539516851
K_P,1/a_p,H,70,2121.0,2118.0,0.002828854314002829,2051.0,-0.033003300330033,-0.015087223008015085
K_P,1/a_p,H,100,466.0,508.0,-0.18025751072961374,494.0,0.060085836909871244,-0.06008583690987125
K_P,1/a_p,R,7,780.0,780.0,-0.0,780.0,0.0,0.0
K_P,1/a_p,R,35,2457.0,2458.0,-0.000814000814000814,2461.0,0.001628001628001628,0.000407000407000407
K_P,1/a_p,R,70,4481.0,4482.0,-0.0004463289444320464,4479.0,-0.0004463289444320464,-0.0004463289444320464
K_P,1/a_p,R,100,6176.0,6180.0,-0.0012953367875647669,6173.0,-0.00048575129533678756,-0.0008905440414507772
c_R_blocks_E,r_1,C,7,4890.0,4890.0,-0.0,4890.0,0.0,0.0
c_R_blocks_E,r_1,C,35,32256.0,31690.0,0.03509424603174603,32369.0,0.0035032242063492065,0.01929873511904762
c_R_blocks_E,r_1,C,70,81315.0,81306.0,0.00022136137244050912,81442.0,0.0015618274611080367,0.000891594416774273
c_R_blocks_E,r_1,C,100,87320.0,87293.0,0.0006184150251946862,87338.0,0.00020613834173156207,0.00041227668346312414
c_R_blocks_E,r_1,P,7,30.0,30.0,-0.0,30.0,0.0,0.0
c_R_blocks_E,r_1,P,35,295.0,422.0,-0.8610169491525423,423.0,0.43389830508474575,-0.2135593220338983
c_R_blocks_E,r_1,P,70,17844.0,22271.0,-0.49618919524770233,21355.0,0.19676081596054695,-0.1497141896435777
c_R_blocks_E,r_1,P,100,43329.0,43501.0,-0.007939255464007939,43480.0,0.003484963881003485,-0.0022271457915022273
c_R_blocks_E,r_1,E,7,4270.0,4270.0,-0.0,4270.0,0.0,0.0
c_R_blocks_E,r_1,E,35,708.0,691.0,0.0480225988700565,663.0,-0.0635593220338983,-0.007768361581920902
c_R_blocks_E,r_1,E,70,9.0,10.0,-0.2222222222222222,9.0,0.0,-0.1111111111111111
c_R_blocks_E,r_1,E,100,9.0,7.0,0.4444444444444444,7.0,-0.2222222222222222,0.1111111111111111
c_R_blocks_E,r_1,N,7,2350.0,2350.0,-0.0,2350.0,0.0,0.0
c_R_blocks_E,r_1,N,35,767.0,682.0,0.22164276401564537,696.0,-0.09256844850065189,0.06453715775749674
c_R_blocks_E,r_1,N,70,146.0,142.0,0.0547945205479452,160.0,0.0958904109589041,0.07534246575342465
c_R_blocks_E,r_1,N,100,56.0,57.0,-0.03571428571428571,46.0,-0.17857142857142858,-0.10714285714285715
c_R_blocks_E,r_1,H,7,10340.0,10340.0,-0.0,10340.0,0.0,0.0
c_R_blocks_E,r_1,H,35,6706.0,6723.0,-0.005070086489710707,6742.0,0.0053683268714583956,0.0001491201908738445
c_R_blocks_E,r_1,H,70,2121.0,2155.0,-0.03206034889203206,2087.0,-0.01603017444601603,-0.024045261669024046
c_R_blocks_E,r_1,H,100,466.0,498.0,-0.13733905579399142,508.0,0.09012875536480687,-0.023605150214592273
c_R_blocks_E,r_1,R,7,780.0,780.0,-0.0,780.0,0.0,0.0
c_R_blocks_E,r_1,R,35,2457.0,2457.0,-0.0,2455.0,-0.000814000814000814,-0.000407000407000407
c_R_blocks_E,r_1,R,70,4481.0,4489.0,-0.0035706315554563713,4473.0,-0.0017853157777281857,-0.0026779736665922785
c_R_blocks_E,r_1,R,100,6176.0,6184.0,-0.0025906735751295338,6170.0,-0.0009715025906735751,-0.0017810880829015544
c_base_div,k_c,C,7,4890.0,4890.0,-0.0,4890.0,0.0,0.0
c_base_div,k_c,C,35,32256.0,13752.0,1.1473214285714286,74783.0,1.318421378968254,1.2328714037698414
c_base_div,k_c,C,70,81315.0,40551.0,1.0026194429072126,87613.0,0.07745188464612925,0.5400356637766709
c_base_div,k_c,C,100,87320.0,69412.0,0.4101694915254237,87644.0,0.0037104901511681174,0.20693999083829592
c_base_div,k_c,P,7,30.0,30.0,-0.0,30.0,0.0,0.0
c_base_div,k_c,P,35,295.0,247.0,0.3254237288135593,586.0,0.9864406779661017,0.6559322033898305
c_base_div,k_c,P,70,17844.0,10564.0,0.8159605469625645,27061.0,0.5165321676754091,0.6662463573189867
c_base_div,k_c,P,100,43329.0,42285.0,0.04818943432804819,43625.0,0.006831452376006832,0.02751044335202751
c_base_div,k_c,E,7,4270.0,4270.0,-0.0,4270.0,0.0,0.0
c_base_div,k_c,E,35,708.0,1043.0,-0.9463276836158192,221.0,-0.6878531073446328,-0.817090395480226
c_base_div,k_c,E,70,9.0,62.0,-11.777777777777779,6.0,-0.3333333333333333,-6.055555555555556
c_base_div,k_c,E,100,9.0,11.0,-0.4444444444444444,7.0,-0.2222222222222222,-0.3333333333333333
c_base_div,k_c,N,7,2350.0,2350.0,-0.0,2350.0,0.0,0.0
c_base_div,k_c,N,35,767.0,749.0,0.0469361147327249,653.0,-0.14863102998696218,-0.050847457627118633
c_base_div,k_c,N,70,146.0,164.0,-0.2465753424657534,116.0,-0.2054794520547945,-0.22602739726027396
c_base_div,k_c,N,100,56.0,60.0,-0.14285714285714285,41.0,-0.26785714285714285,-0.20535714285714285
c_base_div,k_c,H,7,10340.0,10340.0,-0.0,10340.0,0.0,0.0
c_base_div,k_c,H,35,6706.0,6633.0,0.02177154786758127,6636.0,-0.010438413361169102,0.005666567253206084
c_base_div,k_c,H,70,2121.0,2044.0,0.07260726072607261,2076.0,-0.021216407355021217,0.0256954266855257
c_base_div,k_c,H,100,466.0,455.0,0.04721030042918455,469.0,0.006437768240343348,0.02682403433476395
c_base_div,k_c,R,7,780.0,780.0,-0.0,780.0,0.0,0.0
c_base_div,k_c,R,35,2457.0,2457.0,-0.0,2463.0,0.002442002442002442,0.001221001221001221
c_base_div,k_c,R,70,4481.0,4482.0,-0.0004463289444320464,4486.0,0.0011158223610801161,0.00033474670832403487
c_base_div,k_c,R,100,6176.0,6176.0,-0.0,6175.0,-0.00016191709844559586,-8.095854922279793e-05
c_boost_from_P,mu_c,C,7,4890.0,4890.0,-0.0,4890.0,0.0,0.0
c_boost_from_P,mu_c,C,35,32256.0,32142.0,0.007068452380952381,32396.0,0.004340277777777778,0.00570436507936508
c_boost_from_P,mu_c,C,70,81315.0,81293.0,0.0005411055770768001,81667.0,0.004328844616614401,0.002434975096845601
c_boost_from_P,mu_c,C,100,87320.0,87230.0,0.002061383417315621,87377.0,0.0006527714154832798,0.0013570774163994504
c_boost_from_P,mu_c,P,7,30.0,30.0,-0.0,30.0,0.0,0.0
c_boost_from_P,mu_c,P,35,295.0,346.0,-0.34576271186440677,438.0,0.4847457627118644,0.06949152542372883
c_boost_from_P,mu_c,P,70,17844.0,18553.0,-0.07946648733467833,22527.0,0.26244115669132484,0.09148733467832326
c_boost_from_P,mu_c,P,100,43329.0,43345.0,-0.0007385353920007385,43510.0,0.004177340811004178,0.0017194027095017196
c_boost_from_P,mu_c,E,7,4270.0,4270.0,-0.0,4270.0,0.0,0.0
c_boost_from_P,mu_c,E,35,708.0,684.0,0.06779661016949153,702.0,-0.00847457627118644,0.029661016949152543
c_boost_from_P,mu_c,E,70,9.0,6.0,0.6666666666666666,7.0,-0.2222222222222222,0.2222222222222222
c_boost_from_P,mu_c,E,100,9.0,5.0,0.8888888888888888,7.0,-0.2222222222222222,0.3333333333333333
c_boost_from_P,mu_c,N,7,2350.0,2350.0,-0.0,2350.0,0.0,0.0
c_boost_from_P,mu_c,N,35,767.0,711.0,0.14602346805736635,712.0,-0.07170795306388526,0.037157757496740544
c_boost_from_P,mu_c,N,70,146.0,161.0,-0.2054794520547945,149.0,0.02054794520547945,-0.09246575342465753
c_boost_from_P,mu_c,N,100,56.0,51.0,0.17857142857142858,56.0,0.0,0.08928571428571429
c_boost_from_P,mu_c,H,7,10340.0,10340.0,-0.0,10340.0,0.0,0.0
c_boost_from_P,mu_c,H,35,6706.0,6662.0,0.0131225767968983,6716.0,0.0014912019087384432,0.007306889352818371
c_boost_from_P,mu_c,H,70,2121.0,2056.0,0.061291843470061294,2089.0,-0.015087223008015087,0.023102310231023104
c_boost_from_P,mu_c,H,100,466.0,486.0,-0.08583690987124463,468.0,0.004291845493562232,-0.0407725321888412
c_boost_from_P,mu_c,R,7,780.0,780.0,-0.0,780.0,0.0,0.0
c_boost_from_P,mu_c,R,35,2457.0,2457.0,-0.0,2457.0,0.0,0.0
c_boost_from_P,mu_c,R,70,4481.0,4475.0,0.0026779736665922785,4482.0,0.0002231644722160232,0.001450569069404151
c_boost_from_P,mu_c,R,100,6176.0,6169.0,0.0022668393782383418,6176.0,0.0,0.0011334196891191709
c_kill_by_E,d_c,C,7,4890.0,4890.0,-0.0,4890.0,0.0,0.0
c_kill_by_E,d_c,C,35,32256.0,32353.0,-0.006014384920634921,31724.0,-0.016493055555555556,-0.011253720238095238
c_kill_by_E,d_c,C,70,81315.0,81574.0,-0.006370288384676874,81298.0,-0.0002090635184160364,-0.003289675951546455
c_kill_by_E,d_c,C,100,87320.0,87310.0,0.00022904260192395785,87260.0,-0.0006871278057718735,-0.00022904260192395783
c_kill_by_E,d_c,P,7,30.0,30.0,-0.0,30.0,0.0,0.0
c_kill_by_E,d_c,P,35,295.0,391.0,-0.6508474576271186,383.0,0.2983050847457627,-0.17627118644067793
c_kill_by_E,d_c,P,70,17844.0,21944.0,-0.4595382201300157,20368.0,0.1414481058058731,-0.1590450571620713
c_kill_by_E,d_c,P,100,43329.0,43484.0,-0.007154561610007154,43427.0,0.0022617646380022616,-0.0024463984860024464
c_kill_by_E,d_c,E,7,4270.0,4270.0,-0.0,4270.0,0.0,0.0
c_kill_by_E,d_c,E,35,708.0,741.0,-0.09322033898305085,723.0,0.0211864406779661,-0.036016949152542374
c_kill_by_E,d_c,E,70,9.0,15.0,-1.3333333333333333,10.0,0.1111111111111111,-0.611111111111111
c_kill_by_E,d_c,E,100,9.0,6.0,0.6666666666666666,9.0,0.0,0.3333333333333333
c_kill_by_E,d_c,N,7,2350.0,2350.0,-0.0,2350.0,0.0,0.0
c_kill_by_E,d_c,N,35,767.0,710.0,0.14863102998696218,708.0,-0.07692307692307693,0.035853976531942625
c_kill_by_E,d_c,N,70,146.0,169.0,-0.3150684931506849,163.0,0.11643835616438356,-0.09931506849315068
c_kill_by_E,d_c,N,100,56.0,68.0,-0.42857142857142855,49.0,-0.125,-0.2767857142857143
c_kill_by_E,d_c,H,7,10340.0,10340.0,-0.0,10340.0,0.0,0.0
c_kill_by_E,d_c,H,35,6706.0,6633.0,0.02177154786758127,6630.0,-0.011333134506412169,0.00521920668058455
c_kill_by_E,d_c,H,70,2121.0,2085.0,0.033946251768033946,2008.0,-0.053276756247053275,-0.009665252239509665
c_kill_by_E,d_c,H,100,466.0,497.0,-0.13304721030042918,471.0,0.01072961373390558,-0.0611587982832618
c_kill_by_E,d_c,R,7,780.0,780.0,-0.0,780.0,0.0,0.0
c_kill_by_E,d_c,R,35,2457.0,2462.0,-0.00407000407000407,2464.0,0.002849002849002849,-0.0006105006105006103
c_kill_by_E,d_c,R,70,4481.0,4483.0,-0.0008926578888640928,4488.0,0.0015621513055121626,0.00033474670832403487
c_kill_by_E,d_c,R,100,6176.0,6175.0,0.0003238341968911917,6186.0,0.0016191709844559584,0.0009715025906735751
c_kill_by_N,b_c,C,7,4890.0,4890.0,-0.0,4890.0,0.0,0.0
c_kill_by_N,b_c,C,35,32256.0,32413.0,-0.009734623015873016,31746.0,-0.015811011904761904,-0.01277281746031746
c_kill_by_N,b_c,C,70,81315.0,81545.0,-0.0056570128512574555,81325.0,0.0001229785402447273,-0.002767017155506364
c_kill_by_N,b_c,C,100,87320.0,87326.0,-0.00013742556115437472,87277.0,-0.0004924415941365093,-0.00031493357764544205
c_kill_by_N,b_c,P,7,30.0,30.0,-0.0,30.0,0.0,0.0
c_kill_by_N,b_c,P,35,295.0,407.0,-0.7593220338983051,548.0,0.8576271186440678,0.04915254237288136
c_kill_by_N,b_c,P,70,17844.0,20699.0,-0.3199955167002914,25210.0,0.41279982066801163,0.04640215198386011
c_kill_by_N,b_c,P,100,43329.0,43474.0,-0.006692976990006693,43558.0,0.005285143899005285,-0.0007039165455007038
c_kill_by_N,b_c,E,7,4270.0,4270.0,-0.0,4270.0,0.0,0.0
c_kill_by_N,b_c,E,35,708.0,694.0,0.03954802259887006,713.0,0.007062146892655367,0.023305084745762712
c_kill_by_N,b_c,E,70,9.0,9.0,-0.0,13.0,0.4444444444444444,0.2222222222222222
c_kill_by_N,b_c,E,100,9.0,8.0,0.2222222222222222,7.0,-0.2222222222222222,0.0
c_kill_by_N,b_c,N,7,2350.0,2350.0,-0.0,2350.0,0.0,0.0
c_kill_by_N,b_c,N,35,767.0,750.0,0.04432855280312908,713.0,-0.07040417209908735,-0.013037809647979137
c_kill_by_N,b_c,N,70,146.0,151.0,-0.0684931506849315,158.0,0.0821917808219178,0.00684931506849315
c_kill_by_N,b_c,N,100,56.0,52.0,0.14285714285714285,48.0,-0.14285714285714285,0.0
c_kill_by_N,b_c,H,7,10340.0,10340.0,-0.0,10340.0,0.0,0.0
c_kill_by_N,b_c,H,35,6706.0,6638.0,0.020280345958842826,6734.0,0.0041753653444676405,0.012227855651655233
c_kill_by_N,b_c,H,70,2121.0,2067.0,0.05091937765205092,2043.0,-0.036775106082036775,0.0070721357850070735
c_kill_by_N,b_c,H,100,466.0,454.0,0.05150214592274678,460.0,-0.012875536480686695,0.019313304721030045
c_kill_by_N,b_c,R,7,780.0,780.0,-0.0,780.0,0.0,0.0
c_kill_by_N,b_c,R,35,2457.0,2466.0,-0.007326007326007326,2465.0,0.003256003256003256,-0.0020350020350020353
c_kill_by_N,b_c,R,70,4481.0,4489.0,-0.0035706315554563713,4490.0,0.002008480249944209,-0.0007810756527560812
c_kill_by_N,b_c,R,100,6176.0,6182.0,-0.0019430051813471502,6183.0,0.0011334196891191709,-0.00040479274611398967
e_base_birth,a_e,C,7,4890.0,4890.0,-0.0,4890.0,0.0,0.0
e_base_birth,a_e,C,35,32256.0,32685.0,-0.02659970238095238,32138.0,-0.003658234126984127,-0.015128968253968254
e_base_birth,a_e,C,70,81315.0,81727.0,-0.01013343171616553,81350.0,0.00043042489085654554,-0.004851503412654492
e_base_birth,a_e,C,100,87320.0,87317.0,6.871278057718736e-05,87309.0,-0.00012597343105817682,-2.863032524049473e-05
e_base_birth,a_e,P,7,30.0,30.0,-0.0,30.0,0.0,0.0
e_base_birth,a_e,P,35,295.0,565.0,-1.8305084745762712,453.0,0.535593220338983,-0.6474576271186441
e_base_birth,a_e,P,70,17844.0,25057.0,-0.8084510199506837,22133.0,0.24036090562654114,-0.2840450571620713
e_base_birth,a_e,P,100,43329.0,43598.0,-0.012416626278012417,43493.0,0.003784993884003785,-0.004315816197004316
e_base_birth,a_e,E,7,4270.0,4270.0,-0.0,4270.0,0.0,0.0
e_base_birth,a_e,E,35,708.0,718.0,-0.02824858757062147,706.0,-0.002824858757062147,-0.015536723163841807
e_base_birth,a_e,E,70,9.0,6.0,0.6666666666666666,22.0,1.4444444444444444,1.0555555555555556
e_base_birth,a_e,E,100,9.0,4.0,1.1111111111111112,12.0,0.3333333333333333,0.7222222222222222
e_base_birth,a_e,N,7,2350.0,2350.0,-0.0,2350.0,0.0,0.0
e_base_birth,a_e,N,35,767.0,737.0,0.07822685788787484,716.0,-0.06649282920469361,0.005867014341590614
e_base_birth,a_e,N,70,146.0,156.0,-0.136986301369863,146.0,0.0,-0.0684931506849315
e_base_birth,a_e,N,100,56.0,44.0,0.42857142857142855,50.0,-0.10714285714285714,0.1607142857142857
e_base_birth,a_e,H,7,10340.0,10340.0,-0.0,10340.0,0.0,0.0
e_base_birth,a_e,H,35,6706.0,6731.0,-0.007456009543692216,6645.0,-0.009096331643304503,-0.00827617059349836
e_base_birth,a_e,H,70,2121.0,2108.0,0.012258368694012258,2028.0,-0.04384724186704385,-0.015794436586515796
e_base_birth,a_e,H,100,466.0,462.0,0.017167381974248927,476.0,0.02145922746781116,0.019313304721030045
e_base_birth,a_e,R,7,780.0,780.0,-0.0,780.0,0.0,0.0
e_base_birth,a_e,R,35,2457.0,2463.0,-0.004884004884004884,2464.0,0.002849002849002849,-0.0010175010175010174
e_base_birth,a_e,R,70,4481.0,4488.0,-0.003124302611024325,4484.0,0.0006694934166480696,-0.0012274045971881278
e_base_birth,a_e,R,100,6176.0,6184.0,-0.0025906735751295338,6175.0,-0.00016191709844559586,-0.0013762953367875649
e_base_death,b_e,C,7,4890.0,4890.0,-0.0,4890.0,0.0,0.0
e_base_death,b_e,C,35,32256.0,31880.0,0.023313492063492064,32344.0,0.002728174603174603,0.013020833333333334
e_base_death,b_e,C,70,81315.0,81394.0,-0.0019430609358666914,81592.0,0.003406505564778946,0.0007317223144561273
e_base_death,b_e,C,100,87320.0,87297.0,0.000526797984425103,87301.0,-0.00021759047182775998,0.00015460375629867154
e_base_death,b_e,P,7,30.0,30.0,-0.0,30.0,0.0,0.0
e_base_death,b_e,P,35,295.0,440.0,-0.9830508474576272,491.0,0.6644067796610169,-0.15932203389830513
e_base_death,b_e,P,70,17844.0,22114.0,-0.4785922438915041,24011.0,0.34560636628558616,-0.06649293880295898
e_base_death,b_e,P,100,43329.0,43499.0,-0.007846938540007847,43554.0,0.005192826975005193,-0.001327055782501327
e_base_death,b_e,E,7,4270.0,4270.0,-0.0,4270.0,0.0,0.0
e_base_death,b_e,E,35,708.0,1063.0,-1.002824858757062,344.0,-0.5141242937853108,-0.7584745762711864
e_base_death,b_e,E,70,9.0,16.0,-1.5555555555555556,11.0,0.2222222222222222,-0.6666666666666667
e_base_death,b_e,E,100,9.0,3.0,1.3333333333333333,6.0,-0.3333333333333333,0.5
e_base_death,b_e,N,7,2350.0,2350.0,-0.0,2350.0,0.0,0.0
e_base_death,b_e,N,35,767.0,713.0,0.1408083441981747,706.0,-0.07953063885267275,0.030638852672750974
e_base_death,b_e,N,70,146.0,170.0,-0.3287671232876712,160.0,0.0958904109589041,-0.11643835616438356
e_base_death,b_e,N,100,56.0,52.0,0.14285714285714285,50.0,-0.10714285714285714,0.017857142857142856
e_base_death,b_e,H,7,10340.0,10340.0,-0.0,10340.0,0.0,0.0
e_base_death,b_e,H,35,6706.0,6659.0,0.014017297942141366,6647.0,-0.008798091261556815,0.0026096033402922755
e_base_death,b_e,H,70,2121.0,2070.0,0.04809052333804809,2022.0,-0.04667609618104668,0.0007072135785007073
e_base_death,b_e,H,100,466.0,504.0,-0.1630901287553648,470.0,0.008583690987124463,-0.07725321888412016
e_base_death,b_e,R,7,780.0,780.0,-0.0,780.0,0.0,0.0
e_base_death,b_e,R,35,2457.0,2459.0,-0.001628001628001628,2463.0,0.002442002442002442,0.00040700040700040704
e_base_death,b_e,R,70,4481.0,4484.0,-0.0013389868332961392,4484.0,0.0006694934166480696,-0.0003347467083240348
e_base_death,b_e,R,100,6176.0,6178.0,-0.0006476683937823834,6176.0,0.0,-0.0003238341968911917
e_help_from_H,p_e,C,7,4890.0,4890.0,-0.0,4890.0,0.0,0.0
e_help_from_H,p_e,C,35,32256.0,32280.0,-0.001488095238095238,32585.0,0.010199652777777778,0.00435577876984127
e_help_from_H,p_e,C,70,81315.0,81505.0,-0.0046731845292996375,81657.0,0.0042058660763696736,-0.00023365922646498196
e_help_from_H,p_e,C,100,87320.0,87290.0,0.0006871278057718735,87294.0,-0.0002977553825011452,0.00019468621163536417
e_help_from_H,p_e,P,7,30.0,30.0,-0.0,30.0,0.0,0.0
e_help_from_H,p_e,P,35,295.0,371.0,-0.5152542372881356,458.0,0.5525423728813559,0.018644067796610153
e_help_from_H,p_e,P,70,17844.0,20032.0,-0.24523649405962789,22899.0,0.2832885003362475,0.019026003138309794
e_help_from_H,p_e,P,100,43329.0,43384.0,-0.002538715410002539,43523.0,0.004477370814004477,0.0009693277020009692
e_help_from_H,p_e,E,7,4270.0,4270.0,-0.0,4270.0,0.0,0.0
e_help_from_H,p_e,E,35,708.0,688.0,0.05649717514124294,694.0,-0.01977401129943503,0.018361581920903952
e_help_from_H,p_e,E,70,9.0,7.0,0.4444444444444444,7.0,-0.2222222222222222,0.1111111111111111
e_help_from_H,p_e,E,100,9.0,7.0,0.4444444444444444,5.0,-0.4444444444444444,0.0
e_help_from_H,p_e,N,7,2350.0,2350.0,-0.0,2350.0,0.0,0.0
e_help_from_H,p_e,N,35,767.0,710.0,0.14863102998696218,704.0,-0.08213820078226858,0.0332464146023468
e_help_from_H,p_e,N,70,146.0,157.0,-0.1506849315068493,156.0,0.0684931506849315,-0.0410958904109589
e_help_from_H,p_e,N,100,56.0,47.0,0.32142857142857145,51.0,-0.08928571428571429,0.11607142857142858
e_help_from_H,p_e,H,7,10340.0,10340.0,-0.0,10340.0,0.0,0.0
e_help_from_H,p_e,H,35,6706.0,6701.0,0.0014912019087384432,6733.0,0.004026245153593797,0.00275872353116612
e_help_from_H,p_e,H,70,2121.0,2088.0,0.031117397454031116,2124.0,0.0014144271570014145,0.016265912305516265
e_help_from_H,p_e,H,100,466.0,484.0,-0.07725321888412018,475.0,0.019313304721030045,-0.028969957081545067
e_help_from_H,p_e,R,7,780.0,780.0,-0.0,780.0,0.0,0.0
e_help_from_H,p_e,R,35,2457.0,2460.0,-0.002442002442002442,2459.0,0.000814000814000814,-0.0008140008140008141
e_help_from_H,p_e,R,70,4481.0,4478.0,0.0013389868332961392,4485.0,0.0008926578888640928,0.0011158223610801161
e_help_from_H,p_e,R,100,6176.0,6166.0,0.003238341968911917,6179.0,0.00048575129533678756,0.0018620466321243522
e_help_from_H_K,g_e,C,7,4890.0,4890.0,-0.0,4890.0,0.0,0.0
e_help_from_H_K,g_e,C,35,32256.0,32011.0,0.015190972222222222,32167.0,-0.0027591765873015875,0.006215897817460317
e_help_from_H_K,g_e,C,70,81315.0,81423.0,-0.0026563364692861096,81439.0,0.0015249338990346185,-0.0005657012851257455
e_help_from_H_K,g_e,C,100,87320.0,87296.0,0.0005497022446174989,87301.0,-0.00021759047182775998,0.00016605588639486947
e_help_from_H_K,g_e,P,7,30.0,30.0,-0.0,30.0,0.0,0.0
e_help_from_H_K,g_e,P,35,295.0,515.0,-1.4915254237288136,507.0,0.7186440677966102,-0.3864406779661017
e_help_from_H_K,g_e,P,70,17844.0,25226.0,-0.8273929612194575,24440.0,0.36964806097287606,-0.22887245012329072
e_help_from_H_K,g_e,P,100,43329.0,43582.0,-0.011678090886011678,43564.0,0.005423619285005424,-0.003127235800503127
e_help_from_H_K,g_e,E,7,4270.0,4270.0,-0.0,4270.0,0.0,0.0
e_help_from_H_K,g_e,E,35,708.0,707.0,0.002824858757062147,717.0,0.012711864406779662,0.007768361581920904
e_help_from_H_K,g_e,E,70,9.0,14.0,-1.1111111111111112,8.0,-0.1111111111111111,-0.6111111111111112
e_help_from_H_K,g_e,E,100,9.0,9.0,-0.0,6.0,-0.3333333333333333,-0.16666666666666666
e_help_from_H_K,g_e,N,7,2350.0,2350.0,-0.0,2350.0,0.0,0.0
e_help_from_H_K,g_e,N,35,767.0,687.0,0.20860495436766624,737.0,-0.03911342894393742,0.0847457627118644
e_help_from_H_K,g_e,N,70,146.0,170.0,-0.3287671232876712,148.0,0.0136986301369863,-0.15753424657534246
e_help_from_H_K,g_e,N,100,56.0,39.0,0.6071428571428571,63.0,0.125,0.36607142857142855
e_help_from_H_K,g_e,H,7,10340.0,10340.0,-0.0,10340.0,0.0,0.0
e_help_from_H_K,g_e,H,35,6706.0,6650.0,0.016701461377870562,6707.0,0.00014912019087384433,0.008425290784372203
e_help_from_H_K,g_e,H,70,2121.0,2047.0,0.06977840641206978,2038.0,-0.039132484677039135,0.015322960867515324
e_help_from_H_K,g_e,H,100,466.0,504.0,-0.1630901287553648,443.0,-0.04935622317596566,-0.10622317596566523
e_help_from_H_K,g_e,R,7,780.0,780.0,-0.0,780.0,0.0,0.0
e_help_from_H_K,g_e,R,35,2457.0,2465.0,-0.006512006512006512,2463.0,0.002442002442002442,-0.002035002035002035
e_help_from_H_K,g_e,R,70,4481.0,4486.0,-0.0022316447221602323,4485.0,0.0008926578888640928,-0.0006694934166480697
e_help_from_H_K,g_e,R,100,6176.0,6175.0,0.0003238341968911917,6175.0,-0.00016191709844559586,8.095854922279793e-05
e_inact_by_C,c_e,C,7,4890.0,4890.0,-0.0,4890.0,0.0,0.0
e_inact_by_C,c_e,C,35,32256.0,32345.0,-0.005518353174603175,32510.0,0.007874503968253968,0.0011780753968253965
e_inact_by_C,c_e,C,70,81315.0,81473.0,-0.0038861218717333827,81573.0,0.003172846338313964,-0.0003566377667097093
e_inact_by_C,c_e,C,100,87320.0,87303.0,0.00038937242327072833,87296.0,-0.00027485112230874945,5.726065048098944e-05
e_inact_by_C,c_e,P,7,30.0,30.0,-0.0,30.0,0.0,0.0
e_inact_by_C,c_e,P,35,295.0,548.0,-1.7152542372881356,432.0,0.46440677966101696,-0.6254237288135593
e_inact_by_C,c_e,P,70,17844.0,24855.0,-0.7858103564223269,22248.0,0.24680564895763282,-0.26950235373234704
e_inact_by_C,c_e,P,100,43329.0,43571.0,-0.01117034780401117,43488.0,0.0036695977290036696,-0.0037503750375037503
e_inact_by_C,c_e,E,7,4270.0,4270.0,-0.0,4270.0,0.0,0.0
e_inact_by_C,c_e,E,35,708.0,1181.0,-1.3361581920903955,276.0,-0.6101694915254238,-0.9731638418079096
e_inact_by_C,c_e,E,70,9.0,46.0,-8.222222222222221,3.0,-0.6666666666666666,-4.444444444444444
e_inact_by_C,c_e,E,100,9.0,14.0,-1.1111111111111112,3.0,-0.6666666666666666,-0.8888888888888888
e_inact_by_C,c_e,N,7,2350.0,2350.0,-0.0,2350.0,0.0,0.0
e_inact_by_C,c_e,N,35,767.0,716.0,0.13298565840938723,674.0,-0.121251629726206,0.005867014341590614
e_inact_by_C,c_e,N,70,146.0,131.0,0.2054794520547945,133.0,-0.08904109589041095,0.05821917808219178
e_inact_by_C,c_e,N,100,56.0,52.0,0.14285714285714285,45.0,-0.19642857142857142,-0.026785714285714288
e_inact_by_C,c_e,H,7,10340.0,10340.0,-0.0,10340.0,0.0,0.0
e_inact_by_C,c_e,H,35,6706.0,6615.0,0.027139874739039668,6616.0,-0.013420817178645988,0.00685952878019684
e_inact_by_C,c_e,H,70,2121.0,2020.0,0.09523809523809523,2030.0,-0.0429042904290429,0.026166902404526165
e_inact_by_C,c_e,H,100,466.0,475.0,-0.03862660944206009,452.0,-0.030042918454935622,-0.034334763948497854
e_inact_by_C,c_e,R,7,780.0,780.0,-0.0,780.0,0.0,0.0
e_inact_by_C,c_e,R,35,2457.0,2458.0,-0.000814000814000814,2452.0,-0.002035002035002035,-0.0014245014245014244
e_inact_by_C,c_e,R,70,4481.0,4483.0,-0.0008926578888640928,4470.0,-0.002454809194376255,-0.001673733541620174
e_inact_by_C,c_e,R,100,6176.0,6175.0,0.0003238341968911917,6162.0,-0.0022668393782383418,-0.000971502590673575
e_suppr_by_R,delta_e,C,7,4890.0,4890.0,-0.0,4890.0,0.0,0.0
e_suppr_by_R,delta_e,C,35,32256.0,32528.0,-0.016865079365079364,32193.0,-0.001953125,-0.009409102182539682
e_suppr_by_R,delta_e,C,70,81315.0,81553.0,-0.00585377851564902,81512.0,0.0024226772428211276,-0.001715550636413946
e_suppr_by_R,delta_e,C,100,87320.0,87327.0,-0.0001603298213467705,87311.0,-0.00010306917086578104,-0.00013169949610627578
e_suppr_by_R,delta_e,P,7,30.0,30.0,-0.0,30.0,0.0,0.0
e_suppr_by_R,delta_e,P,35,295.0,456.0,-1.0915254237288134,483.0,0.6372881355932203,-0.22711864406779658
e_suppr_by_R,delta_e,P,70,17844.0,21980.0,-0.46357318986774265,22442.0,0.2576776507509527,-0.10294776955839496
e_suppr_by_R,delta_e,P,100,43329.0,43503.0,-0.008031572388008031,43495.0,0.003831152346003831,-0.0021002100210021
e_suppr_by_R,delta_e,E,7,4270.0,4270.0,-0.0,4270.0,0.0,0.0
e_suppr_by_R,delta_e,E,35,708.0,712.0,-0.011299435028248588,675.0,-0.046610169491525424,-0.028954802259887006
e_suppr_by_R,delta_e,E,70,9.0,9.0,-0.0,8.0,-0.1111111111111111,-0.05555555555555555
e_suppr_by_R,delta_e,E,100,9.0,3.0,1.3333333333333333,7.0,-0.2222222222222222,0.5555555555555556
e_suppr_by_R,delta_e,N,7,2350.0,2350.0,-0.0,2350.0,0.0,0.0
e_suppr_by_R,delta_e,N,35,767.0,732.0,0.09126466753585398,745.0,-0.028683181225554105,0.03129074315514994
e_suppr_by_R,delta_e,N,70,146.0,153.0,-0.0958904109589041,171.0,0.17123287671232876,0.03767123287671233
e_suppr_by_R,delta_e,N,100,56.0,59.0,-0.10714285714285714,70.0,0.25,0.07142857142857142
e_suppr_by_R,delta_e,H,7,10340.0,10340.0,-0.0,10340.0,0.0,0.0
e_suppr_by_R,delta_e,H,35,6706.0,6622.0,0.025052192066805846,6721.0,0.0022368028631076647,0.013644497464956756
e_suppr_by_R,delta_e,H,70,2121.0,1980.0,0.13295615275813297,2045.0,-0.03583215464403583,0.04856199905704857
e_suppr_by_R,delta_e,H,100,466.0,460.0,0.02575107296137339,477.0,0.023605150214592276,0.02467811158798283
e_suppr_by_R,delta_e,R,7,780.0,780.0,-0.0,780.0,0.0,0.0
e_suppr_by_R,delta_e,R,35,2457.0,2462.0,-0.00407000407000407,2463.0,0.002442002442002442,-0.0008140008140008139
e_suppr_by_R,delta_e,R,70,4481.0,4494.0,-0.005802276277616604,4486.0,0.0011158223610801161,-0.0023432269582682437
e_suppr_by_R,delta_e,R,100,6176.0,6185.0,-0.0029145077720207253,6175.0,-0.00016191709844559586,-0.0015382124352331607
h_base_birth,a_h,C,7,4890.0,4890.0,-0.0,4890.0,0.0,0.0
h_base_birth,a_h,C,35,32256.0,32270.0,-0.0008680555555555555,32094.0,-0.005022321428571429,-0.002945188492063492
h_base_birth,a_h,C,70,81315.0,81497.0,-0.004476418864908073,81643.0,0.004033696120027055,-0.0002213613724405092
h_base_birth,a_h,C,100,87320.0,87307.0,0.0002977553825011452,87303.0,-0.00019468621163536417,5.153458543289052e-05
h_base_birth,a_h,P,7,30.0,30.0,-0.0,30.0,0.0,0.0
h_base_birth,a_h,P,35,295.0,349.0,-0.36610169491525424,485.0,0.6440677966101694,0.1389830508474576
h_base_birth,a_h,P,70,17844.0,19140.0,-0.1452589105581708,23784.0,0.3328850033624748,0.09381304640215199
h_base_birth,a_h,P,100,43329.0,43358.0,-0.0013385953980013386,43529.0,0.004615846200004616,0.0016386254010016387
h_base_birth,a_h,E,7,4270.0,4270.0,-0.0,4270.0,0.0,0.0
h_base_birth,a_h,E,35,708.0,691.0,0.0480225988700565,705.0,-0.00423728813559322,0.021892655367231638
h_base_birth,a_h,E,70,9.0,7.0,0.4444444444444444,10.0,0.1111111111111111,0.2777777777777778
h_base_birth,a_h,E,100,9.0,4.0,1.1111111111111112,6.0,-0.3333333333333333,0.38888888888888895
h_base_birth,a_h,N,7,2350.0,2350.0,-0.0,2350.0,0.0,0.0
h_base_birth,a_h,N,35,767.0,685.0,0.2138200782268579,696.0,-0.09256844850065189,0.060625814863103
h_base_birth,a_h,N,70,146.0,169.0,-0.3150684931506849,145.0,-0.00684931506849315,-0.16095890410958902
h_base_birth,a_h,N,100,56.0,59.0,-0.10714285714285714,49.0,-0.125,-0.11607142857142858
h_base_birth,a_h,H,7,10340.0,10340.0,-0.0,10340.0,0.0,0.0
h_base_birth,a_h,H,35,6706.0,6634.0,0.021473307485833582,6767.0,0.009096331643304503,0.015284819564569042
h_base_birth,a_h,H,70,2121.0,1976.0,0.13672795851013672,2140.0,0.008958038661008957,0.07284299858557283
h_base_birth,a_h,H,100,466.0,428.0,0.1630901287553648,559.0,0.19957081545064378,0.1813304721030043
h_base_birth,a_h,R,7,780.0,780.0,-0.0,780.0,0.0,0.0
h_base_birth,a_h,R,35,2457.0,2455.0,0.001628001628001628,2459.0,0.000814000814000814,0.001221001221001221
h_base_birth,a_h,R,70,4481.0,4476.0,0.0022316447221602323,4483.0,0.0004463289444320464,0.0013389868332961395
h_base_birth,a_h,R,100,6176.0,6166.0,0.003238341968911917,6181.0,0.0008095854922279792,0.002023963730569948
h_base_death,b_h,C,7,4890.0,4890.0,-0.0,4890.0,0.0,0.0
h_base_death,b_h,C,35,32256.0,32510.0,-0.015749007936507936,32333.0,0.002387152777777778,-0.006680927579365079
h_base_death,b_h,C,70,81315.0,81618.0,-0.007452499538830474,81505.0,0.0023365922646498187,-0.0025579536370903275
h_base_death,b_h,C,100,87320.0,87311.0,0.00020613834173156207,87312.0,-9.161704076958314e-05,5.7260650480989464e-05
h_base_death,b_h,P,7,30.0,30.0,-0.0,30.0,0.0,0.0
h_base_death,b_h,P,35,295.0,513.0,-1.4779661016949153,530.0,0.7966101694915254,-0.34067796610169493
h_base_death,b_h,P,70,17844.0,24512.0,-0.747366061421206,25423.0,0.4247366061421206,-0.1613147276395427
h_base_death,b_h,P,100,43329.0,43551.0,-0.010247178564010247,43591.0,0.006046758522006047,-0.0021002100210021
h_base_death,b_h,E,7,4270.0,4270.0,-0.0,4270.0,0.0,0.0
h_base_death,b_h,E,35,708.0,692.0,0.04519774011299435,668.0,-0.05649717514124294,-0.005649717514124294
h_base_death,b_h,E,70,9.0,8.0,0.2222222222222222,9.0,0.0,0.1111111111111111
h_base_death,b_h,E,100,9.0,7.0,0.4444444444444444,8.0,-0.1111111111111111,0.16666666666666666
h_base_death,b_h,N,7,2350.0,2350.0,-0.0,2350.0,0.0,0.0
h_base_death,b_h,N,35,767.0,719.0,0.12516297262059975,739.0,-0.03650586701434159,0.044328552803129084
h_base_death,b_h,N,70,146.0,147.0,-0.0136986301369863,150.0,0.0273972602739726,0.00684931506849315
h_base_death,b_h,N,100,56.0,51.0,0.17857142857142858,54.0,-0.03571428571428571,0.07142857142857142
h_base_death,b_h,H,7,10340.0,10340.0,-0.0,10340.0,0.0,0.0
h_base_death,b_h,H,35,6706.0,6791.0,-0.025350432448553534,6630.0,-0.011333134506412169,-0.018341783477482852
h_base_death,b_h,H,70,2121.0,2125.0,-0.003771805752003772,1984.0,-0.06459217350306459,-0.03418198962753418
h_base_death,b_h,H,100,466.0,455.0,0.04721030042918455,463.0,-0.006437768240343348,0.020386266094420603
h_base_death,b_h,R,7,780.0,780.0,-0.0,780.0,0.0,0.0
h_base_death,b_h,R,35,2457.0,2460.0,-0.002442002442002442,2460.0,0.001221001221001221,-0.0006105006105006105
h_base_death,b_h,R,70,4481.0,4489.0,-0.0035706315554563713,4472.0,-0.002008480249944209,-0.0027895559027002904
h_base_death,b_h,R,100,6176.0,6182.0,-0.0019430051813471502,6164.0,-0.0019430051813471502,-0.0019430051813471502
h_self_act,p_h,C,7,4890.0,4890.0,-0.0,4890.0,0.0,0.0
h_self_act,p_h,C,35,32256.0,32554.0,-0.01847718253968254,32294.0,0.0011780753968253968,-0.008649553571428572
h_self_act,p_h,C,70,81315.0,81694.0,-0.009321773350550329,81529.0,0.002631740761237164,-0.0033450162946565823
h_self_act,p_h,C,100,87320.0,87333.0,-0.0002977553825011452,87318.0,-2.2904260192395786e-05,-0.0001603298213467705
h_self_act,p_h,P,7,30.0,30.0,-0.0,30.0,0.0,0.0
h_self_act,p_h,P,35,295.0,551.0,-1.735593220338983,495.0,0.6779661016949152,-0.5288135593220339
h_self_act,p_h,P,70,17844.0,25709.0,-0.8815288052006277,24118.0,0.3516027796458193,-0.2649630127774042
h_self_act,p_h,P,100,43329.0,43588.0,-0.011955041658011955,43552.0,0.005146668513005146,-0.0034041865725034045
h_self_act,p_h,E,7,4270.0,4270.0,-0.0,4270.0,0.0,0.0
h_self_act,p_h,E,35,708.0,694.0,0.03954802259887006,692.0,-0.022598870056497175,0.008474576271186442
h_self_act,p_h,E,70,9.0,11.0,-0.4444444444444444,8.0,-0.1111111111111111,-0.2777777777777778
h_self_act,p_h,E,100,9.0,8.0,0.2222222222222222,1.0,-0.8888888888888888,-0.3333333333333333
h_self_act,p_h,N,7,2350.0,2350.0,-0.0,2350.0,0.0,0.0
h_self_act,p_h,N,35,767.0,715.0,0.13559322033898305,674.0,-0.121251629726206,0.007170795306388526
h_self_act,p_h,N,70,146.0,155.0,-0.1232876712328767,135.0,-0.07534246575342465,-0.09931506849315068
h_self_act,p_h,N,100,56.0,55.0,0.03571428571428571,57.0,0.017857142857142856,0.026785714285714284
h_self_act,p_h,H,7,10340.0,10340.0,-0.0,10340.0,0.0,0.0
h_self_act,p_h,H,35,6706.0,6617.0,0.02654339397554429,6746.0,0.005964807634953773,0.01625410080524903
h_self_act,p_h,H,70,2121.0,2030.0,0.0858085808580858,2083.0,-0.017916077322017915,0.033946251768033946
h_self_act,p_h,H,100,466.0,465.0,0.004291845493562232,472.0,0.012875536480686695,0.008583690987124463
h_self_act,p_h,R,7,780.0,780.0,-0.0,780.0,0.0,0.0
h_self_act,p_h,R,35,2457.0,2457.0,-0.0,2465.0,0.003256003256003256,0.001628001628001628
h_self_act,p_h,R,70,4481.0,4480.0,0.0004463289444320464,4492.0,0.002454809194376255,0.001450569069404151
h_self_act,p_h,R,100,6176.0,6174.0,0.0006476683937823834,6186.0,0.0016191709844559584,0.0011334196891191709
h_self_act_K,g_h,C,7,4890.0,4890.0,-0.0,4890.0,0.0,0.0
h_self_act_K,g_h,C,35,32256.0,32050.0,0.01277281746031746,32278.0,0.0006820436507936508,0.006727430555555555
h_self_act_K,g_h,C,70,81315.0,81404.0,-0.0021890180163561456,81511.0,0.002410379388796655,0.0001106806862202546
h_self_act_K,g_h,C,100,87320.0,87327.0,-0.0001603298213467705,87333.0,0.0001488776912505726,-5.7260650480989525e-06
h_self_act_K,g_h,P,7,30.0,30.0,-0.0,30.0,0.0,0.0
h_self_act_K,g_h,P,35,295.0,459.0,-1.111864406779661,494.0,0.6745762711864407,-0.21864406779661016
h_self_act_K,g_h,P,70,17844.0,22730.0,-0.5476350594037211,23842.0,0.33613539565119926,-0.10574983187626094
h_self_act_K,g_h,P,100,43329.0,43506.0,-0.00817004777400817,43539.0,0.004846638510004847,-0.0016617046320016615
h_self_act_K,g_h,E,7,4270.0,4270.0,-0.0,4270.0,0.0,0.0
h_self_act_K,g_h,E,35,708.0,729.0,-0.059322033898305086,741.0,0.046610169491525424,-0.006355932203389831
h_self_act_K,g_h,E,70,9.0,11.0,-0.4444444444444444,12.0,0.3333333333333333,-0.05555555555555555
h_self_act_K,g_h,E,100,9.0,5.0,0.8888888888888888,5.0,-0.4444444444444444,0.2222222222222222
h_self_act_K,g_h,N,7,2350.0,2350.0,-0.0,2350.0,0.0,0.0
h_self_act_K,g_h,N,35,767.0,690.0,0.20078226857887874,702.0,-0.0847457627118644,0.05801825293350717
h_self_act_K,g_h,N,70,146.0,150.0,-0.0547945205479452,155.0,0.06164383561643835,0.003424657534246575
h_self_act_K,g_h,N,100,56.0,39.0,0.6071428571428571,52.0,-0.07142857142857142,0.26785714285714285
h_self_act_K,g_h,H,7,10340.0,10340.0,-0.0,10340.0,0.0,0.0
h_self_act_K,g_h,H,35,6706.0,6730.0,-0.007157769161944528,6675.0,-0.004622725917089174,-0.005890247539516851
h_self_act_K,g_h,H,70,2121.0,2061.0,0.056577086280056574,2054.0,-0.031588873173031586,0.012494106553512494
h_self_act_K,g_h,H,100,466.0,481.0,-0.06437768240343347,454.0,-0.02575107296137339,-0.04506437768240343
h_self_act_K,g_h,R,7,780.0,780.0,-0.0,780.0,0.0,0.0
h_self_act_K,g_h,R,35,2457.0,2457.0,-0.0,2460.0,0.001221001221001221,0.0006105006105006105
h_self_act_K,g_h,R,70,4481.0,4481.0,-0.0,4475.0,-0.0013389868332961392,-0.0006694934166480696
h_self_act_K,g_h,R,100,6176.0,6166.0,0.003238341968911917,6166.0,-0.0016191709844559584,0.0008095854922279792
h_suppr_by_R,delta_h,C,7,4890.0,4890.0,-0.0,4890.0,0.0,0.0
h_suppr_by_R,delta_h,C,35,32256.0,32357.0,-0.006262400793650794,32412.0,0.004836309523809524,-0.000713045634920635
h_suppr_by_R,delta_h,C,70,81315.0,81670.0,-0.008731476357375638,81505.0,0.0023365922646498187,-0.0031974420463629096
h_suppr_by_R,delta_h,C,100,87320.0,87311.0,0.00020613834173156207,87277.0,-0.0004924415941365093,-0.00014315162620247364
h_suppr_by_R,delta_h,P,7,30.0,30.0,-0.0,30.0,0.0,0.0
h_suppr_by_R,delta_h,P,35,295.0,482.0,-1.2677966101694915,395.0,0.3389830508474576,-0.46440677966101696
h_suppr_by_R,delta_h,P,70,17844.0,23332.0,-0.6151087200179332,20410.0,0.14380183815288053,-0.23565344093252633
h_suppr_by_R,delta_h,P,100,43329.0,43513.0,-0.008493157008008493,43396.0,0.0015463084770015463,-0.003473424265503473
h_suppr_by_R,delta_h,E,7,4270.0,4270.0,-0.0,4270.0,0.0,0.0
h_suppr_by_R,delta_h,E,35,708.0,668.0,0.11299435028248588,731.0,0.03248587570621469,0.07274011299435028
h_suppr_by_R,delta_h,E,70,9.0,14.0,-1.1111111111111112,6.0,-0.3333333333333333,-0.7222222222222222
h_suppr_by_R,delta_h,E,100,9.0,6.0,0.6666666666666666,4.0,-0.5555555555555556,0.055555555555555525
h_suppr_by_R,delta_h,N,7,2350.0,2350.0,-0.0,2350.0,0.0,0.0
h_suppr_by_R,delta_h,N,35,767.0,672.0,0.24771838331160365,700.0,-0.08735332464146023,0.08018252933507171
h_suppr_by_R,delta_h,N,70,146.0,145.0,0.0136986301369863,158.0,0.0821917808219178,0.04794520547945205
h_suppr_by_R,delta_h,N,100,56.0,55.0,0.03571428571428571,52.0,-0.07142857142857142,-0.017857142857142856
h_suppr_by_R,delta_h,H,7,10340.0,10340.0,-0.0,10340.0,0.0,0.0
h_suppr_by_R,delta_h,H,35,6706.0,8354.0,-0.49150014912019085,4252.0,-0.36594094840441393,-0.42872054876230237
h_suppr_by_R,delta_h,H,70,2121.0,4649.0,-2.3837812352663836,431.0,-0.7967939651107968,-1.5902876001885902
h_suppr_by_R,delta_h,H,100,466.0,2173.0,-7.32618025751073,57.0,-0.8776824034334764,-4.1019313304721035
h_suppr_by_R,delta_h,R,7,780.0,780.0,-0.0,780.0,0.0,0.0
h_suppr_by_R,delta_h,R,35,2457.0,2469.0,-0.009768009768009768,2448.0,-0.003663003663003663,-0.006715506715506716
h_suppr_by_R,delta_h,R,70,4481.0,4532.0,-0.02276277616603437,4435.0,-0.010265565721937068,-0.016514170943985718
h_suppr_by_R,delta_h,R,100,6176.0,6260.0,-0.027202072538860103,6116.0,-0.009715025906735751,-0.018458549222797927
n_base_birth,a_n,C,7,4890.0,4890.0,-0.0,4890.0,0.0,0.0
n_base_birth,a_n,C,35,32256.0,32218.0,0.0023561507936507935,32597.0,0.010571676587301588,0.006463913690476191
n_base_birth,a_n,C,70,81315.0,81507.0,-0.0047223759453975285,81715.0,0.004919141609789092,9.838283219578163e-05
n_base_birth,a_n,C,100,87320.0,87321.0,-2.2904260192395786e-05,87314.0,-6.871278057718736e-05,-4.580852038479157e-05
n_base_birth,a_n,P,7,30.0,30.0,-0.0,30.0,0.0,0.0
n_base_birth,a_n,P,35,295.0,380.0,-0.576271186440678,648.0,1.1966101694915254,0.3101694915254237
n_base_birth,a_n,P,70,17844.0,21413.0,-0.4000224164985429,26971.0,0.5114884555032504,0.05573301950235374
n_base_birth,a_n,P,100,43329.0,43486.0,-0.007246878534007247,43646.0,0.007316116227007316,3.461884650003428e-05
n_base_birth,a_n,E,7,4270.0,4270.0,-0.0,4270.0,0.0,0.0
n_base_birth,a_n,E,35,708.0,725.0,-0.0480225988700565,707.0,-0.0014124293785310734,-0.024717514124293787
n_base_birth,a_n,E,70,9.0,9.0,-0.0,9.0,0.0,0.0
n_base_birth,a_n,E,100,9.0,6.0,0.6666666666666666,3.0,-0.6666666666666666,0.0
n_base_birth,a_n,N,7,2350.0,2350.0,-0.0,2350.0,0.0,0.0
n_base_birth,a_n,N,35,767.0,698.0,0.17992177314211213,750.0,-0.02216427640156454,0.0788787483702738
n_base_birth,a_n,N,70,146.0,147.0,-0.0136986301369863,175.0,0.19863013698630136,0.09246575342465753
n_base_birth,a_n,N,100,56.0,41.0,0.5357142857142857,64.0,0.14285714285714285,0.3392857142857143
n_base_birth,a_n,H,7,10340.0,10340.0,-0.0,10340.0,0.0,0.0
n_base_birth,a_n,H,35,6706.0,6643.0,0.018789144050104383,6649.0,-0.008499850879809126,0.005144646585147628
n_base_birth,a_n,H,70,2121.0,2115.0,0.005657708628005658,2095.0,-0.012258368694012258,-0.0033003300330033
n_base_birth,a_n,H,100,466.0,486.0,-0.08583690987124463,506.0,0.08583690987124463,0.0
n_base_birth,a_n,R,7,780.0,780.0,-0.0,780.0,0.0,0.0
n_base_birth,a_n,R,35,2457.0,2456.0,0.000814000814000814,2462.0,0.002035002035002035,0.0014245014245014244
n_base_birth,a_n,R,70,4481.0,4480.0,0.0004463289444320464,4483.0,0.0004463289444320464,0.0004463289444320464
n_base_birth,a_n,R,100,6176.0,6176.0,-0.0,6181.0,0.0008095854922279792,0.0004047927461139896
n_base_death,b_n,C,7,4890.0,4890.0,-0.0,4890.0,0.0,0.0
n_base_death,b_n,C,35,32256.0,31875.0,0.023623511904761904,32207.0,-0.0015190972222222222,0.01105220734126984
n_base_death,b_n,C,70,81315.0,81200.0,0.0028285064256287277,81656.0,0.0041935682223452,0.003511037323986964
n_base_death,b_n,C,100,87320.0,87182.0,0.0031607879065506184,87327.0,8.016491067338525e-05,0.001620476408612002
n_base_death,b_n,P,7,30.0,30.0,-0.0,30.0,0.0,0.0
n_base_death,b_n,P,35,295.0,453.0,-1.071186440677966,388.0,0.3152542372881356,-0.37796610169491524
n_base_death,b_n,P,70,17844.0,22762.0,-0.5512216991705896,21210.0,0.1886348352387357,-0.18129343196592695
n_base_death,b_n,P,100,43329.0,43526.0,-0.009093217014009093,43480.0,0.003484963881003485,-0.0028041265665028044
n_base_death,b_n,E,7,4270.0,4270.0,-0.0,4270.0,0.0,0.0
n_base_death,b_n,E,35,708.0,718.0,-0.02824858757062147,706.0,-0.002824858757062147,-0.015536723163841807
n_base_death,b_n,E,70,9.0,8.0,0.2222222222222222,8.0,-0.1111111111111111,0.05555555555555555
n_base_death,b_n,E,100,9.0,9.0,-0.0,7.0,-0.2222222222222222,-0.1111111111111111
n_base_death,b_n,N,7,2350.0,2350.0,-0.0,2350.0,0.0,0.0
n_base_death,b_n,N,35,767.0,1221.0,-1.1838331160365059,204.0,-0.7340286831812256,-0.9589308996088657
n_base_death,b_n,N,70,146.0,497.0,-4.808219178082192,22.0,-0.8493150684931506,-2.828767123287671
n_base_death,b_n,N,100,56.0,204.0,-5.285714285714286,17.0,-0.6964285714285714,-2.9910714285714284
n_base_death,b_n,H,7,10340.0,10340.0,-0.0,10340.0,0.0,0.0
n_base_death,b_n,H,35,6706.0,6644.0,0.018490903668356696,6659.0,-0.007008648971070683,0.005741127348643006
n_base_death,b_n,H,70,2121.0,1993.0,0.1206977840641207,2076.0,-0.021216407355021217,0.04974068835454974
n_base_death,b_n,H,100,466.0,457.0,0.03862660944206009,468.0,0.004291845493562232,0.021459227467811162
n_base_death,b_n,R,7,780.0,780.0,-0.0,780.0,0.0,0.0
n_base_death,b_n,R,35,2457.0,2460.0,-0.002442002442002442,2472.0,0.006105006105006105,0.0018315018315018315
n_base_death,b_n,R,70,4481.0,4477.0,0.0017853157777281857,4498.0,0.0037937960276723946,0.0027895559027002904
n_base_death,b_n,R,100,6176.0,6167.0,0.0029145077720207253,6190.0,0.0022668393782383418,0.0025906735751295333
n_help_from_H,p_n,C,7,4890.0,4890.0,-0.0,4890.0,0.0,0.0
n_help_from_H,p_n,C,35,32256.0,32308.0,-0.003224206349206349,32389.0,0.004123263888888889,0.00044952876984127
n_help_from_H,p_n,C,70,81315.0,81501.0,-0.004574801697103855,81691.0,0.0046239931132017464,2.4595708048945515e-05
n_help_from_H,p_n,C,100,87320.0,87317.0,6.871278057718736e-05,87324.0,4.580852038479157e-05,5.726065048098947e-05
n_help_from_H,p_n,P,7,30.0,30.0,-0.0,30.0,0.0,0.0
n_help_from_H,p_n,P,35,295.0,512.0,-1.471186440677966,538.0,0.823728813559322,-0.323728813559322
n_help_from_H,p_n,P,70,17844.0,23704.0,-0.6568034073077785,24885.0,0.394586415601883,-0.13110849585294776
n_help_from_H,p_n,P,100,43329.0,43590.0,-0.012047358582012047,43590.0,0.006023679291006024,-0.003011839645503012
n_help_from_H,p_n,E,7,4270.0,4270.0,-0.0,4270.0,0.0,0.0
n_help_from_H,p_n,E,35,708.0,722.0,-0.03954802259887006,683.0,-0.03531073446327684,-0.03742937853107345
n_help_from_H,p_n,E,70,9.0,8.0,0.2222222222222222,14.0,0.5555555555555556,0.3888888888888889
n_help_from_H,p_n,E,100,9.0,5.0,0.8888888888888888,7.0,-0.2222222222222222,0.3333333333333333
n_help_from_H,p_n,N,7,2350.0,2350.0,-0.0,2350.0,0.0,0.0
n_help_from_H,p_n,N,35,767.0,721.0,0.11994784876140809,708.0,-0.07692307692307693,0.02151238591916558
n_help_from_H,p_n,N,70,146.0,142.0,0.0547945205479452,144.0,-0.0136986301369863,0.02054794520547945
n_help_from_H,p_n,N,100,56.0,39.0,0.6071428571428571,54.0,-0.03571428571428571,0.2857142857142857
n_help_from_H,p_n,H,7,10340.0,10340.0,-0.0,10340.0,0.0,0.0
n_help_from_H,p_n,H,35,6706.0,6661.0,0.013420817178645988,6716.0,0.0014912019087384432,0.007456009543692216
n_help_from_H,p_n,H,70,2121.0,2047.0,0.06977840641206978,2064.0,-0.026874115983026876,0.021452145214521455
n_help_from_H,p_n,H,100,466.0,482.0,-0.06866952789699571,486.0,0.04291845493562232,-0.012875536480686695
n_help_from_H,p_n,R,7,780.0,780.0,-0.0,780.0,0.0,0.0
n_help_from_H,p_n,R,35,2457.0,2448.0,0.007326007326007326,2466.0,0.003663003663003663,0.005494505494505494
n_help_from_H,p_n,R,70,4481.0,4468.0,0.005802276277616604,4495.0,0.003124302611024325,0.004463289444320465
n_help_from_H,p_n,R,100,6176.0,6162.0,0.0045336787564766836,6187.0,0.0017810880829015544,0.003157383419689119
n_help_from_H_K,g_n,C,7,4890.0,4890.0,-0.0,4890.0,0.0,0.0
n_help_from_H_K,g_n,C,35,32256.0,32095.0,0.009982638888888888,32314.0,0.0017981150793650793,0.005890376984126984
n_help_from_H_K,g_n,C,70,81315.0,81569.0,-0.006247309844432147,81508.0,0.002373485826723237,-0.001936912008854455
n_help_from_H_K,g_n,C,100,87320.0,87330.0,-0.00022904260192395785,87288.0,-0.0003664681630783326,-0.0002977553825011452
n_help_from_H_K,g_n,P,7,30.0,30.0,-0.0,30.0,0.0,0.0
n_help_from_H_K,g_n,P,35,295.0,463.0,-1.1389830508474577,557.0,0.888135593220339,-0.12542372881355934
n_help_from_H_K,g_n,P,70,17844.0,22595.0,-0.532503922887245,24608.0,0.3790629903609056,-0.0767204662631697
n_help_from_H_K,g_n,P,100,43329.0,43473.0,-0.006646818528006647,43564.0,0.005423619285005424,-0.0006115996215006114
n_help_from_H_K,g_n,E,7,4270.0,4270.0,-0.0,4270.0,0.0,0.0
n_help_from_H_K,g_n,E,35,708.0,674.0,0.096045197740113,689.0,-0.026836158192090395,0.0346045197740113
n_help_from_H_K,g_n,E,70,9.0,6.0,0.6666666666666666,14.0,0.5555555555555556,0.6111111111111112
n_help_from_H_K,g_n,E,100,9.0,4.0,1.1111111111111112,6.0,-0.3333333333333333,0.38888888888888895
n_help_from_H_K,g_n,N,7,2350.0,2350.0,-0.0,2350.0,0.0,0.0
n_help_from_H_K,g_n,N,35,767.0,707.0,0.15645371577574968,715.0,-0.06779661016949153,0.04432855280312908
n_help_from_H_K,g_n,N,70,146.0,139.0,0.0958904109589041,142.0,-0.0273972602739726,0.03424657534246575
n_help_from_H_K,g_n,N,100,56.0,52.0,0.14285714285714285,41.0,-0.26785714285714285,-0.0625
n_help_from_H_K,g_n,H,7,10340.0,10340.0,-0.0,10340.0,0.0,0.0
n_help_from_H_K,g_n,H,35,6706.0,6657.0,0.014613778705636743,6713.0,0.0010438413361169101,0.007828810020876827
n_help_from_H_K,g_n,H,70,2121.0,2119.0,0.001885902876001886,2084.0,-0.017444601603017446,-0.00777934936350778
n_help_from_H_K,g_n,H,100,466.0,473.0,-0.030042918454935622,462.0,-0.008583690987124463,-0.019313304721030045
n_help_from_H_K,g_n,R,7,780.0,780.0,-0.0,780.0,0.0,0.0
n_help_from_H_K,g_n,R,35,2457.0,2460.0,-0.002442002442002442,2461.0,0.001628001628001628,-0.00040700040700040704
n_help_from_H_K,g_n,R,70,4481.0,4483.0,-0.0008926578888640928,4489.0,0.0017853157777281857,0.0004463289444320464
n_help_from_H_K,g_n,R,100,6176.0,6174.0,0.0006476683937823834,6179.0,0.00048575129533678756,0.0005667098445595856
n_inact_by_C,c_n,C,7,4890.0,4890.0,-0.0,4890.0,0.0,0.0
n_inact_by_C,c_n,C,35,32256.0,32119.0,0.00849454365079365,32049.0,-0.006417410714285714,0.001038566468253968
n_inact_by_C,c_n,C,70,81315.0,81508.0,-0.004746971653446474,81398.0,0.0010207218840312365,-0.0018631248847076187
n_inact_by_C,c_n,C,100,87320.0,87293.0,0.0006184150251946862,87314.0,-6.871278057718736e-05,0.0002748511223087494
n_inact_by_C,c_n,P,7,30.0,30.0,-0.0,30.0,0.0,0.0
n_inact_by_C,c_n,P,35,295.0,508.0,-1.4440677966101696,478.0,0.6203389830508474,-0.4118644067796611
n_inact_by_C,c_n,P,70,17844.0,24041.0,-0.6945752073526115,22385.0,0.2544832997085855,-0.22004595382201297
n_inact_by_C,c_n,P,100,43329.0,43572.0,-0.011216506266011216,43498.0,0.0039003900390039005,-0.0036580581135036575
n_inact_by_C,c_n,E,7,4270.0,4270.0,-0.0,4270.0,0.0,0.0
n_inact_by_C,c_n,E,35,708.0,732.0,-0.06779661016949153,701.0,-0.009887005649717515,-0.03884180790960452
n_inact_by_C,c_n,E,70,9.0,8.0,0.2222222222222222,11.0,0.2222222222222222,0.2222222222222222
n_inact_by_C,c_n,E,100,9.0,7.0,0.4444444444444444,5.0,-0.4444444444444444,0.0
n_inact_by_C,c_n,N,7,2350.0,2350.0,-0.0,2350.0,0.0,0.0
n_inact_by_C,c_n,N,35,767.0,701.0,0.17209908735332463,680.0,-0.11342894393741851,0.02933507170795306
n_inact_by_C,c_n,N,70,146.0,159.0,-0.1780821917808219,120.0,-0.1780821917808219,-0.1780821917808219
n_inact_by_C,c_n,N,100,56.0,52.0,0.14285714285714285,45.0,-0.19642857142857142,-0.026785714285714288
n_inact_by_C,c_n,H,7,10340.0,10340.0,-0.0,10340.0,0.0,0.0
n_inact_by_C,c_n,H,35,6706.0,6691.0,0.0044736057262153295,6698.0,-0.0011929615269907546,0.0016403220996122874
n_inact_by_C,c_n,H,70,2121.0,2047.0,0.06977840641206978,2141.0,0.00942951438000943,0.039603960396039604
n_inact_by_C,c_n,H,100,466.0,449.0,0.07296137339055794,498.0,0.06866952789699571,0.07081545064377683
n_inact_by_C,c_n,R,7,780.0,780.0,-0.0,780.0,0.0,0.0
n_inact_by_C,c_n,R,35,2457.0,2460.0,-0.002442002442002442,2459.0,0.000814000814000814,-0.0008140008140008141
n_inact_by_C,c_n,R,70,4481.0,4479.0,0.0008926578888640928,4475.0,-0.0013389868332961392,-0.0002231644722160232
n_inact_by_C,c_n,R,100,6176.0,6175.0,0.0003238341968911917,6172.0,-0.0006476683937823834,-0.00016191709844559586
n_suppr_by_R,delta_n,C,7,4890.0,4890.0,-0.0,4890.0,0.0,0.0
n_suppr_by_R,delta_n,C,35,32256.0,32437.0,-0.011222718253968254,31814.0,-0.013702876984126984,-0.01246279761904762
n_suppr_by_R,delta_n,C,70,81315.0,81634.0,-0.007846030867613601,81468.0,0.0018815716657443276,-0.0029822296009346366
n_suppr_by_R,delta_n,C,100,87320.0,87281.0,0.0008932661475034357,87289.0,-0.0003550160329821347,0.0002691250572606505
n_suppr_by_R,delta_n,P,7,30.0,30.0,-0.0,30.0,0.0,0.0
n_suppr_by_R,delta_n,P,35,295.0,425.0,-0.8813559322033898,385.0,0.3050847457627119,-0.288135593220339
n_suppr_by_R,delta_n,P,70,17844.0,22161.0,-0.48386012104909215,22003.0,0.23307554360008967,-0.12539228872450126
n_suppr_by_R,delta_n,P,100,43329.0,43463.0,-0.006185233908006185,43492.0,0.003761914653003762,-0.0012116596275012115
n_suppr_by_R,delta_n,E,7,4270.0,4270.0,-0.0,4270.0,0.0,0.0
n_suppr_by_R,delta_n,E,35,708.0,721.0,-0.03672316384180791,733.0,0.03531073446327684,-0.0007062146892655372
n_suppr_by_R,delta_n,E,70,9.0,11.0,-0.4444444444444444,8.0,-0.1111111111111111,-0.2777777777777778
n_suppr_by_R,delta_n,E,100,9.0,7.0,0.4444444444444444,6.0,-0.3333333333333333,0.05555555555555555
n_suppr_by_R,delta_n,N,7,2350.0,2350.0,-0.0,2350.0,0.0,0.0
n_suppr_by_R,delta_n,N,35,767.0,794.0,-0.07040417209908735,683.0,-0.10951760104302477,-0.08996088657105605
n_suppr_by_R,delta_n,N,70,146.0,162.0,-0.2191780821917808,121.0,-0.17123287671232876,-0.1952054794520548
n_suppr_by_R,delta_n,N,100,56.0,70.0,-0.5,42.0,-0.25,-0.375
n_suppr_by_R,delta_n,H,7,10340.0,10340.0,-0.0,10340.0,0.0,0.0
n_suppr_by_R,delta_n,H,35,6706.0,6664.0,0.012526096033402923,6708.0,0.00029824038174768865,0.006412168207575306
n_suppr_by_R,delta_n,H,70,2121.0,2010.0,0.10466760961810467,2076.0,-0.021216407355021217,0.04172560113154173
n_suppr_by_R,delta_n,H,100,466.0,466.0,-0.0,490.0,0.05150214592274678,0.02575107296137339
n_suppr_by_R,delta_n,R,7,780.0,780.0,-0.0,780.0,0.0,0.0
n_suppr_by_R,delta_n,R,35,2457.0,2463.0,-0.004884004884004884,2461.0,0.001628001628001628,-0.0016280016280016281
n_suppr_by_R,delta_n,R,70,4481.0,4484.0,-0.0013389868332961392,4486.0,0.0011158223610801161,-0.00011158223610801155
n_suppr_by_R,delta_n,R,100,6176.0,6180.0,-0.0012953367875647669,6179.0,0.00048575129533678756,-0.00040479274611398967
p_base_death,lambda_p,C,7,4890.0,4890.0,-0.0,4890.0,0.0,0.0
p_base_death,lambda_p,C,35,32256.0,32339.0,-0.005146329365079365,32195.0,-0.0018911210317460317,-0.0035187251984126985
p_base_death,lambda_p,C,70,81315.0,81460.0,-0.0035663776670970915,81359.0,0.0005411055770768001,-0.0015126360450101457
p_base_death,lambda_p,C,100,87320.0,87309.0,0.00025194686211635364,87301.0,-0.00021759047182775998,1.717819514429683e-05
p_base_death,lambda_p,P,7,30.0,30.0,-0.0,30.0,0.0,0.0
p_base_death,lambda_p,P,35,295.0,471.0,-1.193220338983051,437.0,0.48135593220338985,-0.35593220338983056
p_base_death,lambda_p,P,70,17844.0,22701.0,-0.5443846671149967,23016.0,0.2898453261600538,-0.12726967047747142
p_base_death,lambda_p,P,100,43329.0,43494.0,-0.007616146230007616,43543.0,0.004938955434004939,-0.0013385953980013386
p_base_death,lambda_p,E,7,4270.0,4270.0,-0.0,4270.0,0.0,0.0
p_base_death,lambda_p,E,35,708.0,675.0,0.09322033898305085,700.0,-0.011299435028248588,0.04096045197740113
p_base_death,lambda_p,E,70,9.0,9.0,-0.0,7.0,-0.2222222222222222,-0.1111111111111111
p_base_death,lambda_p,E,100,9.0,6.0,0.6666666666666666,6.0,-0.3333333333333333,0.16666666666666666
p_base_death,lambda_p,N,7,2350.0,2350.0,-0.0,2350.0,0.0,0.0
p_base_death,lambda_p,N,35,767.0,715.0,0.13559322033898305,684.0,-0.10821382007822686,0.013689700130378096
p_base_death,lambda_p,N,70,146.0,149.0,-0.0410958904109589,157.0,0.07534246575342465,0.017123287671232876
p_base_death,lambda_p,N,100,56.0,51.0,0.17857142857142858,47.0,-0.16071428571428573,0.008928571428571425
p_base_death,lambda_p,H,7,10340.0,10340.0,-0.0,10340.0,0.0,0.0
p_base_death,lambda_p,H,35,6706.0,6601.0,0.031315240083507306,6755.0,0.007306889352818371,0.019311064718162838
p_base_death,lambda_p,H,70,2121.0,2043.0,0.07355021216407355,2036.0,-0.040075436115040074,0.016737388024516738
p_base_death,lambda_p,H,100,466.0,451.0,0.06437768240343347,456.0,-0.02145922746781116,0.021459227467811155
p_base_death,lambda_p,R,7,780.0,780.0,-0.0,780.0,0.0,0.0
p_base_death,lambda_p,R,35,2457.0,2464.0,-0.005698005698005698,2455.0,-0.000814000814000814,-0.0032560032560032563
p_base_death,lambda_p,R,70,4481.0,4477.0,0.0017853157777281857,4475.0,-0.0013389868332961392,0.0002231644722160232
p_base_death,lambda_p,R,100,6176.0,6167.0,0.0029145077720207253,6171.0,-0.0008095854922279792,0.0010524611398963731
p_base_div,k_p,C,7,4890.0,4890.0,-0.0,4890.0,0.0,0.0
p_base_div,k_p,C,35,32256.0,31930.0,0.020213293650793652,32516.0,0.008060515873015874,0.014136904761904764
p_base_div,k_p,C,70,81315.0,81350.0,-0.0008608497817130911,81531.0,0.0026563364692861096,0.0008977433437865092
p_base_div,k_p,C,100,87320.0,87284.0,0.0008245533669262483,87314.0,-6.871278057718736e-05,0.00037792029317453046
p_base_div,k_p,P,7,30.0,30.0,-0.0,30.0,0.0,0.0
p_base_div,k_p,P,35,295.0,453.0,-1.071186440677966,545.0,0.847457627118644,-0.11186440677966103
p_base_div,k_p,P,70,17844.0,20916.0,-0.34431741761936785,27201.0,0.5243779421654338,0.09003026227303296
p_base_div,k_p,P,100,43329.0,43373.0,-0.002030972328002031,43689.0,0.008308523160008309,0.003138775416003139
p_base_div,k_p,E,7,4270.0,4270.0,-0.0,4270.0,0.0,0.0
p_base_div,k_p,E,35,708.0,755.0,-0.1327683615819209,730.0,0.031073446327683617,-0.05084745762711864
p_base_div,k_p,E,70,9.0,11.0,-0.4444444444444444,13.0,0.4444444444444444,0.0
p_base_div,k_p,E,100,9.0,6.0,0.6666666666666666,3.0,-0.6666666666666666,0.0
p_base_div,k_p,N,7,2350.0,2350.0,-0.0,2350.0,0.0,0.0
p_base_div,k_p,N,35,767.0,728.0,0.1016949152542373,731.0,-0.0469361147327249,0.027379400260756196
p_base_div,k_p,N,70,146.0,152.0,-0.0821917808219178,141.0,-0.03424657534246575,-0.05821917808219178
p_base_div,k_p,N,100,56.0,51.0,0.17857142857142858,45.0,-0.19642857142857142,-0.008928571428571425
p_base_div,k_p,H,7,10340.0,10340.0,-0.0,10340.0,0.0,0.0
p_base_div,k_p,H,35,6706.0,6704.0,0.0005964807634953773,6636.0,-0.010438413361169102,-0.004920966298836862
p_base_div,k_p,H,70,2121.0,2056.0,0.061291843470061294,2064.0,-0.026874115983026876,0.01720886374351721
p_base_div,k_p,H,100,466.0,480.0,-0.060085836909871244,450.0,-0.034334763948497854,-0.047210300429184546
p_base_div,k_p,R,7,780.0,780.0,-0.0,780.0,0.0,0.0
p_base_div,k_p,R,35,2457.0,2462.0,-0.00407000407000407,2468.0,0.004477004477004477,0.0002035002035002038
p_base_div,k_p,R,70,4481.0,4487.0,-0.0026779736665922785,4491.0,0.0022316447221602323,-0.0002231644722160231
p_base_div,k_p,R,100,6176.0,6184.0,-0.0025906735751295338,6190.0,0.0022668393782383418,-0.000161917098445596
p_boost_from_C,f_p,C,7,4890.0,4890.0,-0.0,4890.0,0.0,0.0
p_boost_from_C,f_p,C,35,32256.0,31721.0,0.033172123015873016,32317.0,0.0018911210317460317,0.017531622023809524
p_boost_from_C,f_p,C,70,81315.0,81027.0,0.007083563918096292,82596.0,0.015753551005349566,0.011418557461722928
p_boost_from_C,f_p,C,100,87320.0,87160.0,0.0036646816307833257,87379.0,0.0006756756756756757,0.002170178653229501
p_boost_from_C,f_p,P,7,30.0,30.0,-0.0,30.0,0.0,0.0
p_boost_from_C,f_p,P,35,295.0,130.0,1.11864406779661,2850.0,8.661016949152541,4.889830508474576
p_boost_from_C,f_p,P,70,17844.0,1648.0,1.8152880520062766,43806.0,1.4549428379287155,1.635115444967496
p_boost_from_C,f_p,P,100,43329.0,11641.0,1.4626693438574627,43830.0,0.011562694731011562,0.7371160192942371
p_boost_from_C,f_p,E,7,4270.0,4270.0,-0.0,4270.0,0.0,0.0
p_boost_from_C,f_p,E,35,708.0,761.0,-0.1497175141242938,678.0,-0.0423728813559322,-0.096045197740113
p_boost_from_C,f_p,E,70,9.0,10.0,-0.2222222222222222,11.0,0.2222222222222222,0.0
p_boost_from_C,f_p,E,100,9.0,3.0,1.3333333333333333,7.0,-0.2222222222222222,0.5555555555555556
p_boost_from_C,f_p,N,7,2350.0,2350.0,-0.0,2350.0,0.0,0.0
p_boost_from_C,f_p,N,35,767.0,725.0,0.10951760104302477,673.0,-0.12255541069100391,-0.00651890482398957
p_boost_from_C,f_p,N,70,146.0,149.0,-0.0410958904109589,133.0,-0.08904109589041095,-0.06506849315068493
p_boost_from_C,f_p,N,100,56.0,48.0,0.2857142857142857,48.0,-0.14285714285714285,0.07142857142857142
p_boost_from_C,f_p,H,7,10340.0,10340.0,-0.0,10340.0,0.0,0.0
p_boost_from_C,f_p,H,35,6706.0,6695.0,0.003280644199224575,6631.0,-0.011184014315538324,-0.003951685058156874
p_boost_from_C,f_p,H,70,2121.0,2077.0,0.04148986327204149,2061.0,-0.028288543140028287,0.006600660066006601
p_boost_from_C,f_p,H,100,466.0,482.0,-0.06866952789699571,499.0,0.07081545064377683,0.0010729613733905588
p_boost_from_C,f_p,R,7,780.0,780.0,-0.0,780.0,0.0,0.0
p_boost_from_C,f_p,R,35,2457.0,2471.0,-0.011396011396011397,2464.0,0.002849002849002849,-0.004273504273504274
p_boost_from_C,f_p,R,70,4481.0,4495.0,-0.00624860522204865,4494.0,0.002901138138808302,-0.0016737335416201742
p_boost_from_C,f_p,R,100,6176.0,6187.0,-0.003562176165803109,6182.0,0.0009715025906735751,-0.0012953367875647669
p_boost_from_C_K,mu_p,C,7,4890.0,4890.0,-0.0,4890.0,0.0,0.0
p_boost_from_C_K,mu_p,C,35,32256.0,32123.0,0.008246527777777778,32461.0,0.006355406746031746,0.007300967261904762
p_boost_from_C_K,mu_p,C,70,81315.0,81454.0,-0.003418803418803419,81482.0,0.0020537416220869457,-0.0006825308983582365
p_boost_from_C_K,mu_p,C,100,87320.0,87337.0,-0.00038937242327072833,87312.0,-9.161704076958314e-05,-0.00024049473202015573
p_boost_from_C_K,mu_p,P,7,30.0,30.0,-0.0,30.0,0.0,0.0
p_boost_from_C_K,mu_p,P,35,295.0,640.0,-2.3389830508474576,261.0,-0.1152542372881356,-1.2271186440677966
p_boost_from_C_K,mu_p,P,70,17844.0,28896.0,-1.238735709482179,12531.0,-0.29774714189643575,-0.7682414256893073
p_boost_from_C_K,mu_p,P,100,43329.0,43688.0,-0.01657088785801657,42473.0,-0.019755821736019755,-0.018163354797018163
p_boost_from_C_K,mu_p,E,7,4270.0,4270.0,-0.0,4270.0,0.0,0.0
p_boost_from_C_K,mu_p,E,35,708.0,705.0,0.00847457627118644,715.0,0.009887005649717515,0.009180790960451978
p_boost_from_C_K,mu_p,E,70,9.0,9.0,-0.0,12.0,0.3333333333333333,0.16666666666666666
p_boost_from_C_K,mu_p,E,100,9.0,11.0,-0.4444444444444444,4.0,-0.5555555555555556,-0.5
p_boost_from_C_K,mu_p,N,7,2350.0,2350.0,-0.0,2350.0,0.0,0.0
p_boost_from_C_K,mu_p,N,35,767.0,752.0,0.03911342894393742,715.0,-0.06779661016949153,-0.014341590612777053
p_boost_from_C_K,mu_p,N,70,146.0,148.0,-0.0273972602739726,149.0,0.02054794520547945,-0.003424657534246575
p_boost_from_C_K,mu_p,N,100,56.0,44.0,0.42857142857142855,59.0,0.05357142857142857,0.24107142857142855
p_boost_from_C_K,mu_p,H,7,10340.0,10340.0,-0.0,10340.0,0.0,0.0
p_boost_from_C_K,mu_p,H,35,6706.0,6552.0,0.04592901878914405,6716.0,0.0014912019087384432,0.023710110348941247
p_boost_from_C_K,mu_p,H,70,2121.0,2030.0,0.0858085808580858,2057.0,-0.030174446016030174,0.027817067421027818
p_boost_from_C_K,mu_p,H,100,466.0,482.0,-0.06866952789699571,491.0,0.0536480686695279,-0.007510729613733905
p_boost_from_C_K,mu_p,R,7,780.0,780.0,-0.0,780.0,0.0,0.0
p_boost_from_C_K,mu_p,R,35,2457.0,2470.0,-0.010582010582010581,2456.0,-0.000407000407000407,-0.005494505494505494
p_boost_from_C_K,mu_p,R,70,4481.0,4488.0,-0.003124302611024325,4490.0,0.002008480249944209,-0.0005579111805400581
p_boost_from_C_K,mu_p,R,100,6176.0,6175.0,0.0003238341968911917,6176.0,0.0,0.00016191709844559586
r_base_src,a,C,7,4890.0,4890.0,-0.0,4890.0,0.0,0.0
r_base_src,a,C,35,32256.0,32208.0,0.002976190476190476,31424.0,-0.025793650793650792,-0.011408730158730158
r_base_src,a,C,70,81315.0,81480.0,-0.0040582918280760005,81335.0,0.0002459570804894546,-0.0019061673737932729
r_base_src,a,C,100,87320.0,87299.0,0.0004809894640403115,87278.0,-0.0004809894640403115,0.0
r_base_src,a,P,7,30.0,30.0,-0.0,30.0,0.0,0.0
r_base_src,a,P,35,295.0,503.0,-1.4101694915254237,497.0,0.6847457627118644,-0.36271186440677966
r_base_src,a,P,70,17844.0,23864.0,-0.6747366061421206,24094.0,0.3502577897332437,-0.16223940820443847
r_base_src,a,P,100,43329.0,43570.0,-0.011124189342011124,43552.0,0.005146668513005146,-0.002988760414502989
r_base_src,a,E,7,4270.0,4270.0,-0.0,4270.0,0.0,0.0
r_base_src,a,E,35,708.0,687.0,0.059322033898305086,702.0,-0.00847457627118644,0.025423728813559324
r_base_src,a,E,70,9.0,11.0,-0.4444444444444444,10.0,0.1111111111111111,-0.16666666666666666
r_base_src,a,E,100,9.0,8.0,0.2222222222222222,3.0,-0.6666666666666666,-0.2222222222222222
r_base_src,a,N,7,2350.0,2350.0,-0.0,2350.0,0.0,0.0
r_base_src,a,N,35,767.0,696.0,0.18513689700130379,703.0,-0.08344198174706649,0.05084745762711865
r_base_src,a,N,70,146.0,162.0,-0.2191780821917808,143.0,-0.02054794520547945,-0.11986301369863013
r_base_src,a,N,100,56.0,57.0,-0.03571428571428571,55.0,-0.017857142857142856,-0.026785714285714284
r_base_src,a,H,7,10340.0,10340.0,-0.0,10340.0,0.0,0.0
r_base_src,a,H,35,6706.0,7466.0,-0.22666269012824336,5444.0,-0.18818968088279153,-0.20742618550551745
r_base_src,a,H,70,2121.0,3542.0,-1.33993399339934,710.0,-0.6652522395096653,-1.0025931164545026
r_base_src,a,H,100,466.0,1460.0,-4.266094420600858,74.0,-0.8412017167381974,-2.5536480686695278
r_base_src,a,R,7,780.0,780.0,-0.0,780.0,0.0,0.0
r_base_src,a,R,35,2457.0,1691.0,0.6235246235246236,4024.0,0.6377696377696378,0.6306471306471306
r_base_src,a,R,70,4481.0,2756.0,0.76991742914528,7986.0,0.7821914751171614,0.7760544521312207
r_base_src,a,R,100,6176.0,3628.0,0.8251295336787565,11346.0,0.8371113989637305,0.8311204663212435
r_cleared_by_N,r,C,7,4890.0,4890.0,-0.0,4890.0,0.0,0.0
r_cleared_by_N,r,C,35,32256.0,32169.0,0.005394345238095238,31970.0,-0.00886656746031746,-0.001736111111111111
r_cleared_by_N,r,C,70,81315.0,81604.0,-0.007108159626145237,81435.0,0.0014757424829367274,-0.002816208571604255
r_cleared_by_N,r,C,100,87320.0,87294.0,0.0005955107650022904,87327.0,8.016491067338525e-05,0.00033783783783783786
r_cleared_by_N,r,P,7,30.0,30.0,-0.0,30.0,0.0,0.0
r_cleared_by_N,r,P,35,295.0,606.0,-2.1084745762711865,444.0,0.5050847457627119,-0.8016949152542373
r_cleared_by_N,r,P,70,17844.0,25670.0,-0.8771575879847567,23389.0,0.3107487110513338,-0.2832044384667115
r_cleared_by_N,r,P,100,43329.0,43606.0,-0.012785893974012787,43529.0,0.004615846200004616,-0.004085023887004085
r_cleared_by_N,r,E,7,4270.0,4270.0,-0.0,4270.0,0.0,0.0
r_cleared_by_N,r,E,35,708.0,722.0,-0.03954802259887006,659.0,-0.0692090395480226,-0.054378531073446326
r_cleared_by_N,r,E,70,9.0,9.0,-0.0,8.0,-0.1111111111111111,-0.05555555555555555
r_cleared_by_N,r,E,100,9.0,4.0,1.1111111111111112,6.0,-0.3333333333333333,0.38888888888888895
r_cleared_by_N,r,N,7,2350.0,2350.0,-0.0,2350.0,0.0,0.0
r_cleared_by_N,r,N,35,767.0,703.0,0.16688396349413298,690.0,-0.10039113428943937,0.033246414602346806
r_cleared_by_N,r,N,70,146.0,140.0,0.0821917808219178,131.0,-0.10273972602739725,-0.010273972602739725
r_cleared_by_N,r,N,100,56.0,51.0,0.17857142857142858,46.0,-0.17857142857142858,0.0
r_cleared_by_N,r,H,7,10340.0,10340.0,-0.0,10340.0,0.0,0.0
r_cleared_by_N,r,H,35,6706.0,6580.0,0.037578288100208766,6700.0,-0.000894721145243066,0.01834178347748285
r_cleared_by_N,r,H,70,2121.0,2032.0,0.08392267798208393,2092.0,-0.013672795851013672,0.035124941065535126
r_cleared_by_N,r,H,100,466.0,449.0,0.07296137339055794,481.0,0.032188841201716736,0.05257510729613734
r_cleared_by_N,r,R,7,780.0,780.0,-0.0,780.0,0.0,0.0
r_cleared_by_N,r,R,35,2457.0,2466.0,-0.007326007326007326,2454.0,-0.001221001221001221,-0.004273504273504274
r_cleared_by_N,r,R,70,4481.0,4489.0,-0.0035706315554563713,4480.0,-0.0002231644722160232,-0.0018968980138361973
r_cleared_by_N,r,R,100,6176.0,6184.0,-0.0025906735751295338,6177.0,0.00016191709844559586,-0.0012143782383419689
r_decay,delta_r,C,7,4890.0,4890.0,-0.0,4890.0,0.0,0.0
r_decay,delta_r,C,35,32256.0,32167.0,0.005518353174603175,32522.0,0.008246527777777778,0.006882440476190476
r_decay,delta_r,C,70,81315.0,81478.0,-0.004009100411978109,81624.0,0.0038000368935620734,-0.000104531759208018
r_decay,delta_r,C,100,87320.0,87308.0,0.00027485112230874945,87302.0,-0.00020613834173156207,3.435639028859369e-05
r_decay,delta_r,P,7,30.0,30.0,-0.0,30.0,0.0,0.0
r_decay,delta_r,P,35,295.0,358.0,-0.4271186440677966,491.0,0.6644067796610169,0.11864406779661016
r_decay,delta_r,P,70,17844.0,19476.0,-0.18291862811028917,23529.0,0.31859448554135844,0.06783792871553464
r_decay,delta_r,P,100,43329.0,43407.0,-0.0036003600360036,43542.0,0.004915876203004916,0.000657758083500658
r_decay,delta_r,E,7,4270.0,4270.0,-0.0,4270.0,0.0,0.0
r_decay,delta_r,E,35,708.0,699.0,0.025423728813559324,693.0,-0.0211864406779661,0.0021186440677966115
r_decay,delta_r,E,70,9.0,14.0,-1.1111111111111112,7.0,-0.2222222222222222,-0.6666666666666667
r_decay,delta_r,E,100,9.0,7.0,0.4444444444444444,7.0,-0.2222222222222222,0.1111111111111111
r_decay,delta_r,N,7,2350.0,2350.0,-0.0,2350.0,0.0,0.0
r_decay,delta_r,N,35,767.0,689.0,0.2033898305084746,757.0,-0.01303780964797914,0.09517601043024773
r_decay,delta_r,N,70,146.0,126.0,0.273972602739726,163.0,0.11643835616438356,0.1952054794520548
r_decay,delta_r,N,100,56.0,49.0,0.25,47.0,-0.16071428571428573,0.04464285714285714
r_decay,delta_r,H,7,10340.0,10340.0,-0.0,10340.0,0.0,0.0
r_decay,delta_r,H,35,6706.0,6746.0,-0.011929615269907545,6709.0,0.000447360572621533,-0.005741127348643006
r_decay,delta_r,H,70,2121.0,2062.0,0.055634134842055635,2021.0,-0.04714757190004715,0.004243281471004244
r_decay,delta_r,H,100,466.0,449.0,0.07296137339055794,439.0,-0.05793991416309013,0.007510729613733908
r_decay,delta_r,R,7,780.0,780.0,-0.0,780.0,0.0,0.0
r_decay,delta_r,R,35,2457.0,2468.0,-0.008954008954008955,2463.0,0.002442002442002442,-0.0032560032560032563
r_decay,delta_r,R,70,4481.0,4493.0,-0.005355947333184557,4482.0,0.0002231644722160232,-0.002566391430484267
r_decay,delta_r,R,100,6176.0,6183.0,-0.0022668393782383418,6172.0,-0.0006476683937823834,-0.0014572538860103627
r_induced_by_E,a_r,C,7,4890.0,4890.0,-0.0,4890.0,0.0,0.0
r_induced_by_E,a_r,C,35,32256.0,32103.0,0.009486607142857142,32543.0,0.008897569444444444,0.009192088293650792
r_induced_by_E,a_r,C,70,81315.0,81377.0,-0.0015249338990346185,81545.0,0.0028285064256287277,0.0006517862632970546
r_induced_by_E,a_r,C,100,87320.0,87292.0,0.000641319285387082,87301.0,-0.00021759047182775998,0.00021186440677966104
r_induced_by_E,a_r,P,7,30.0,30.0,-0.0,30.0,0.0,0.0
r_induced_by_E,a_r,P,35,295.0,445.0,-1.0169491525423728,478.0,0.6203389830508474,-0.1983050847457627
r_induced_by_E,a_r,P,70,17844.0,23349.0,-0.617014122394082,22934.0,0.28524994395875364,-0.1658820892176642
r_induced_by_E,a_r,P,100,43329.0,43551.0,-0.010247178564010247,43537.0,0.004800480048004801,-0.0027233492580027233
r_induced_by_E,a_r,E,7,4270.0,4270.0,-0.0,4270.0,0.0,0.0
r_induced_by_E,a_r,E,35,708.0,687.0,0.059322033898305086,729.0,0.029661016949152543,0.04449152542372881
r_induced_by_E,a_r,E,70,9.0,14.0,-1.1111111111111112,12.0,0.3333333333333333,-0.38888888888888895
r_induced_by_E,a_r,E,100,9.0,3.0,1.3333333333333333,5.0,-0.4444444444444444,0.4444444444444444
r_induced_by_E,a_r,N,7,2350.0,2350.0,-0.0,2350.0,0.0,0.0
r_induced_by_E,a_r,N,35,767.0,765.0,0.005215123859191656,679.0,-0.11473272490221642,-0.054758800521512385
r_induced_by_E,a_r,N,70,146.0,157.0,-0.1506849315068493,150.0,0.0273972602739726,-0.06164383561643835
r_induced_by_E,a_r,N,100,56.0,60.0,-0.14285714285714285,51.0,-0.08928571428571429,-0.11607142857142858
r_induced_by_E,a_r,H,7,10340.0,10340.0,-0.0,10340.0,0.0,0.0
r_induced_by_E,a_r,H,35,6706.0,6711.0,-0.0014912019087384432,6621.0,-0.012675216224276767,-0.007083209066507605
r_induced_by_E,a_r,H,70,2121.0,2120.0,0.000942951438000943,2039.0,-0.03866100895803866,-0.018859028760018857
r_induced_by_E,a_r,H,100,466.0,452.0,0.060085836909871244,480.0,0.030042918454935622,0.045064377682403435
r_induced_by_E,a_r,R,7,780.0,780.0,-0.0,780.0,0.0,0.0
r_induced_by_E,a_r,R,35,2457.0,2457.0,-0.0,2479.0,0.008954008954008955,0.004477004477004477
r_induced_by_E,a_r,R,70,4481.0,4475.0,0.0026779736665922785,4508.0,0.0060254407498326265,0.004351707208212452
r_induced_by_E,a_r,R,100,6176.0,6166.0,0.003238341968911917,6204.0,0.0045336787564766836,0.0038860103626943004
r_induced_by_H,b_r,C,7,4890.0,4890.0,-0.0,4890.0,0.0,0.0
r_induced_by_H,b_r,C,35,32256.0,32308.0,-0.003224206349206349,31890.0,-0.01134672619047619,-0.00728546626984127
r_induced_by_H,b_r,C,70,81315.0,81542.0,-0.005583225727110619,81175.0,-0.0017216995634261822,-0.0036524626452684008
r_induced_by_H,b_r,C,100,87320.0,87327.0,-0.0001603298213467705,87313.0,-8.016491067338525e-05,-0.00012024736601007788
r_induced_by_H,b_r,P,7,30.0,30.0,-0.0,30.0,0.0,0.0
r_induced_by_H,b_r,P,35,295.0,520.0,-1.5254237288135593,450.0,0.5254237288135594,-0.49999999999999994
r_induced_by_H,b_r,P,70,17844.0,23873.0,-0.6757453485765523,22046.0,0.2354853171934544,-0.22013001569154897
r_induced_by_H,b_r,P,100,43329.0,43547.0,-0.010062544716010063,43514.0,0.00426965773500427,-0.002896443490502897
r_induced_by_H,b_r,E,7,4270.0,4270.0,-0.0,4270.0,0.0,0.0
r_induced_by_H,b_r,E,35,708.0,728.0,-0.05649717514124294,656.0,-0.07344632768361582,-0.06497175141242938
r_induced_by_H,b_r,E,70,9.0,10.0,-0.2222222222222222,11.0,0.2222222222222222,0.0
r_induced_by_H,b_r,E,100,9.0,3.0,1.3333333333333333,6.0,-0.3333333333333333,0.5
r_induced_by_H,b_r,N,7,2350.0,2350.0,-0.0,2350.0,0.0,0.0
r_induced_by_H,b_r,N,35,767.0,753.0,0.03650586701434159,710.0,-0.07431551499348109,-0.01890482398956975
r_induced_by_H,b_r,N,70,146.0,155.0,-0.1232876712328767,144.0,-0.0136986301369863,-0.0684931506849315
r_induced_by_H,b_r,N,100,56.0,47.0,0.32142857142857145,56.0,0.0,0.16071428571428573
r_induced_by_H,b_r,H,7,10340.0,10340.0,-0.0,10340.0,0.0,0.0
r_induced_by_H,b_r,H,35,6706.0,6683.0,0.006859528780196839,6671.0,-0.005219206680584551,0.0008201610498061438
r_induced_by_H,b_r,H,70,2121.0,2120.0,0.000942951438000943,1981.0,-0.066006600660066,-0.03253182461103253
r_induced_by_H,b_r,H,100,466.0,525.0,-0.2532188841201717,442.0,-0.05150214592274678,-0.15236051502145923
r_induced_by_H,b_r,R,7,780.0,780.0,-0.0,780.0,0.0,0.0
r_induced_by_H,b_r,R,35,2457.0,2408.0,0.039886039886039885,2553.0,0.03907203907203907,0.03947903947903948
r_induced_by_H,b_r,R,70,4481.0,4401.0,0.03570631555456372,4632.0,0.033697835304619506,0.03470207542959161
r_induced_by_H,b_r,R,100,6176.0,6094.0,0.02655440414507772,6337.0,0.02606865284974093,0.026311528497409326
r_prolif_by_H,p_r,C,7,4890.0,4890.0,-0.0,4890.0,0.0,0.0
r_prolif_by_H,p_r,C,35,32256.0,32157.0,0.006138392857142857,32262.0,0.00018601190476190475,0.003162202380952381
r_prolif_by_H,p_r,C,70,81315.0,81534.0,-0.005386460062719056,81440.0,0.0015372317530590912,-0.0019246141548299822
r_prolif_by_H,p_r,C,100,87320.0,87314.0,0.00013742556115437472,87305.0,-0.00017178195144296838,-1.717819514429683e-05
r_prolif_by_H,p_r,P,7,30.0,30.0,-0.0,30.0,0.0,0.0
r_prolif_by_H,p_r,P,35,295.0,478.0,-1.240677966101695,314.0,0.06440677966101695,-0.5881355932203389
r_prolif_by_H,p_r,P,70,17844.0,23692.0,-0.6554584173952028,18505.0,0.03704326384218785,-0.3092075767765075
r_prolif_by_H,p_r,P,100,43329.0,43561.0,-0.010708763184010709,43361.0,0.0007385353920007385,-0.004985113896004985
r_prolif_by_H,p_r,E,7,4270.0,4270.0,-0.0,4270.0,0.0,0.0
r_prolif_by_H,p_r,E,35,708.0,714.0,-0.01694915254237288,713.0,0.007062146892655367,-0.004943502824858757
r_prolif_by_H,p_r,E,70,9.0,7.0,0.4444444444444444,11.0,0.2222222222222222,0.3333333333333333
r_prolif_by_H,p_r,E,100,9.0,7.0,0.4444444444444444,4.0,-0.5555555555555556,-0.05555555555555558
r_prolif_by_H,p_r,N,7,2350.0,2350.0,-0.0,2350.0,0.0,0.0
r_prolif_by_H,p_r,N,35,767.0,671.0,0.2503259452411995,698.0,-0.08996088657105607,0.08018252933507172
r_prolif_by_H,p_r,N,70,146.0,137.0,0.1232876712328767,157.0,0.07534246575342465,0.09931506849315068
r_prolif_by_H,p_r,N,100,56.0,64.0,-0.2857142857142857,48.0,-0.14285714285714285,-0.21428571428571427
r_prolif_by_H,p_r,H,7,10340.0,10340.0,-0.0,10340.0,0.0,0.0
r_prolif_by_H,p_r,H,35,6706.0,6757.0,-0.01521025946913212,6674.0,-0.0047718461079630185,-0.00999105278854757
r_prolif_by_H,p_r,H,70,2121.0,2099.0,0.020744931636020744,2065.0,-0.026402640264026403,-0.0028288543140028294
r_prolif_by_H,p_r,H,100,466.0,474.0,-0.034334763948497854,484.0,0.03862660944206009,0.0021459227467811176
r_prolif_by_H,p_r,R,7,780.0,780.0,-0.0,780.0,0.0,0.0
r_prolif_by_H,p_r,R,35,2457.0,2462.0,-0.00407000407000407,2460.0,0.001221001221001221,-0.0014245014245014244
r_prolif_by_H,p_r,R,70,4481.0,4482.0,-0.0004463289444320464,4490.0,0.002008480249944209,0.0007810756527560813
r_prolif_by_H,p_r,R,100,6176.0,6173.0,0.0009715025906735751,6183.0,0.0011334196891191709,0.001052461139896373
r_prolif_by_H_K,g_r,C,7,4890.0,4890.0,-0.0,4890.0,0.0,0.0
r_prolif_by_H_K,g_r,C,35,32256.0,31908.0,0.021577380952380952,32821.0,0.017516121031746032,0.019546750992063492
r_prolif_by_H_K,g_r,C,70,81315.0,81489.0,-0.00427965320051651,81565.0,0.0030744635061181825,-0.0006025948471991638
r_prolif_by_H_K,g_r,C,100,87320.0,87305.0,0.00034356390288593677,87337.0,0.00019468621163536417,0.0002691250572606505
r_prolif_by_H_K,g_r,P,7,30.0,30.0,-0.0,30.0,0.0,0.0
r_prolif_by_H_K,g_r,P,35,295.0,448.0,-1.0372881355932204,457.0,0.5491525423728814,-0.24406779661016953
r_prolif_by_H_K,g_r,P,70,17844.0,22453.0,-0.5165882089217664,22723.0,0.2734252409773593,-0.12158148397220353
r_prolif_by_H_K,g_r,P,100,43329.0,43530.0,-0.009277850862009277,43544.0,0.004962034665004962,-0.0021579080985021574
r_prolif_by_H_K,g_r,E,7,4270.0,4270.0,-0.0,4270.0,0.0,0.0
r_prolif_by_H_K,g_r,E,35,708.0,703.0,0.014124293785310734,683.0,-0.03531073446327684,-0.01059322033898305
r_prolif_by_H_K,g_r,E,70,9.0,12.0,-0.6666666666666666,8.0,-0.1111111111111111,-0.38888888888888884
r_prolif_by_H_K,g_r,E,100,9.0,6.0,0.6666666666666666,4.0,-0.5555555555555556,0.055555555555555525
r_prolif_by_H_K,g_r,N,7,2350.0,2350.0,-0.0,2350.0,0.0,0.0
r_prolif_by_H_K,g_r,N,35,767.0,730.0,0.09647979139504563,755.0,-0.01564537157757497,0.04041720990873533
r_prolif_by_H_K,g_r,N,70,146.0,157.0,-0.1506849315068493,150.0,0.0273972602739726,-0.06164383561643835
r_prolif_by_H_K,g_r,N,100,56.0,59.0,-0.10714285714285714,58.0,0.03571428571428571,-0.03571428571428571
r_prolif_by_H_K,g_r,H,7,10340.0,10340.0,-0.0,10340.0,0.0,0.0
r_prolif_by_H_K,g_r,H,35,6706.0,6708.0,-0.0005964807634953773,6647.0,-0.008798091261556815,-0.004697286012526097
r_prolif_by_H_K,g_r,H,70,2121.0,2066.0,0.05186232909005186,2047.0,-0.03488920320603489,0.008486562942008485
r_prolif_by_H_K,g_r,H,100,466.0,481.0,-0.06437768240343347,486.0,0.04291845493562232,-0.010729613733905578
r_prolif_by_H_K,g_r,R,7,780.0,780.0,-0.0,780.0,0.0,0.0
r_prolif_by_H_K,g_r,R,35,2457.0,2460.0,-0.002442002442002442,2455.0,-0.000814000814000814,-0.001628001628001628
r_prolif_by_H_K,g_r,R,70,4481.0,4487.0,-0.0026779736665922785,4474.0,-0.0015621513055121626,-0.0021200624860522204
r_prolif_by_H_K,g_r,R,100,6176.0,6178.0,-0.0006476683937823834,6173.0,-0.00048575129533678756,-0.0005667098445595856
